/*
Navicat MySQL Data Transfer

Source Server         : localhost_3306
Source Server Version : 50617
Source Host           : localhost:3306
Source Database       : xinya

Target Server Type    : MYSQL
Target Server Version : 50617
File Encoding         : 65001

Date: 2016-01-13 01:04:51
*/

SET FOREIGN_KEY_CHECKS=0;

-- ----------------------------
-- Table structure for `article`
-- ----------------------------
DROP TABLE IF EXISTS `article`;
CREATE TABLE `article` (
  `article_id` bigint(11) unsigned NOT NULL AUTO_INCREMENT,
  `title` varchar(100) NOT NULL,
  `content` text NOT NULL COMMENT '内容',
  `alias_name` varchar(100) NOT NULL COMMENT '内容类型',
  `class_type` enum('公司信息') DEFAULT '公司信息',
  `disabled` tinyint(1) unsigned NOT NULL DEFAULT '0',
  `create_time` datetime NOT NULL,
  PRIMARY KEY (`article_id`),
  UNIQUE KEY `alias_key` (`alias_name`)
) ENGINE=InnoDB AUTO_INCREMENT=4 DEFAULT CHARSET=utf8 COMMENT='文章表';

-- ----------------------------
-- Records of article
-- ----------------------------
INSERT INTO `article` VALUES ('1', '品牌介绍', '<p>\r\n <strong>品牌介绍</strong>\r\n</p>\r\n<p>\r\n <br />\r\n<strong></strong>\r\n</p>\r\n<p>\r\n <strong><img src=\"/upload/2016-01-06/1c07566e28cfe143ad6d3b68991fcb8a_350x350.jpg\" alt=\"\"></strong>\r\n</p>\r\n<p>\r\n <br />\r\n<strong></strong>\r\n</p>\r\n<p>\r\n <br />\r\n<strong></strong>\r\n</p>\r\n<p>\r\n <strong>这是很好的品牌啊，品牌非常不错。</strong>\r\n</p>\r\n<p>\r\n <br />\r\n<strong></strong>\r\n</p>\r\n<p>\r\n <strong><img src=\"/upload/2016-01-06/0455da98f372e50e413d72d35b696ae8_350x350.jpg\" alt=\"\"></strong>\r\n</p>\r\n<p>\r\n <br />\r\n<strong></strong>\r\n</p>\r\n<p>\r\n <br />\r\n<strong></strong>\r\n</p>\r\n<p>\r\n <strong>天下既然有这么好的品牌。<br />\r\n</strong>\r\n</p>', 'pinpaijieshao', '公司信息', '0', '2015-12-22 17:04:15');
INSERT INTO `article` VALUES ('2', '项目介绍', '项目介绍', 'xiangmujieshao', '公司信息', '0', '2016-01-03 00:49:35');
INSERT INTO `article` VALUES ('3', '入会特惠', '入会特惠', 'ruhuitehui', '公司信息', '0', '2016-01-03 00:49:54');

-- ----------------------------
-- Table structure for `backup`
-- ----------------------------
DROP TABLE IF EXISTS `backup`;
CREATE TABLE `backup` (
  `backup_id` int(10) unsigned NOT NULL AUTO_INCREMENT,
  `file_path` varchar(1000) NOT NULL,
  `disabled` tinyint(1) unsigned NOT NULL DEFAULT '0',
  `create_time` datetime NOT NULL,
  PRIMARY KEY (`backup_id`)
) ENGINE=InnoDB AUTO_INCREMENT=16 DEFAULT CHARSET=utf8 COMMENT='数据库备份表';

-- ----------------------------
-- Records of backup
-- ----------------------------
INSERT INTO `backup` VALUES ('1', 'E:\\htdocs\\project\\xinya\\\\data\\20151222111638.bak', '1', '2015-12-22 11:16:38');
INSERT INTO `backup` VALUES ('2', 'E:\\htdocs\\project\\xinya\\\\data\\20151222111639.bak', '1', '2015-12-22 11:16:39');
INSERT INTO `backup` VALUES ('3', 'E:\\htdocs\\project\\xinya\\\\data\\20151222111639.bak', '1', '2015-12-22 11:16:39');
INSERT INTO `backup` VALUES ('4', 'E:\\htdocs\\project\\xinya\\\\data\\20151222111643.bak', '1', '2015-12-22 11:16:43');
INSERT INTO `backup` VALUES ('5', 'E:\\htdocs\\project\\xinya\\\\data\\20151222111643.bak', '1', '2015-12-22 11:16:43');
INSERT INTO `backup` VALUES ('6', 'E:\\htdocs\\project\\xinya\\\\data\\20151222111705.bak', '1', '2015-12-22 11:17:05');
INSERT INTO `backup` VALUES ('7', 'E:\\htdocs\\project\\xinya\\\\data\\20151222112109.gz', '1', '2015-12-22 11:21:09');
INSERT INTO `backup` VALUES ('8', 'E:\\htdocs\\project\\xinya\\data\\20151222114649.gz', '1', '2015-12-22 11:46:49');
INSERT INTO `backup` VALUES ('9', 'E:\\htdocs\\project\\xinya\\data\\20151222114722.gz', '1', '2015-12-22 11:47:22');
INSERT INTO `backup` VALUES ('10', 'E:\\htdocs\\project\\xinya\\data\\20151223094315.gz', '1', '2015-12-23 09:43:15');
INSERT INTO `backup` VALUES ('11', 'E:\\htdocs\\project\\xinya\\data\\20151224102307.gz', '1', '2015-12-24 10:23:07');
INSERT INTO `backup` VALUES ('12', 'E:\\htdocs\\project\\xinya\\data\\20151224103543.gz', '1', '2015-12-24 10:35:43');
INSERT INTO `backup` VALUES ('13', '/data/home/qyu2039650001/htdocs/backup/20151228111746.gz', '0', '2015-12-28 11:17:46');
INSERT INTO `backup` VALUES ('14', '/data/home/qyu2039650001/htdocs/backup/20151231000256.gz', '0', '2015-12-31 00:02:56');
INSERT INTO `backup` VALUES ('15', '/data/home/qyu2039650001/htdocs/backup/20160102204518.gz', '0', '2016-01-02 20:45:18');

-- ----------------------------
-- Table structure for `beautician`
-- ----------------------------
DROP TABLE IF EXISTS `beautician`;
CREATE TABLE `beautician` (
  `beautician_id` int(10) unsigned NOT NULL AUTO_INCREMENT,
  `name` varchar(50) NOT NULL,
  `shop_id` int(10) NOT NULL,
  `sex` enum('女','男') NOT NULL DEFAULT '女',
  `avatar` varchar(1000) NOT NULL,
  `disabled` tinyint(1) unsigned NOT NULL DEFAULT '0',
  `join_date` date DEFAULT NULL COMMENT '工作时间',
  `create_time` datetime NOT NULL,
  PRIMARY KEY (`beautician_id`)
) ENGINE=MyISAM AUTO_INCREMENT=3 DEFAULT CHARSET=gbk COMMENT='美容师表';

-- ----------------------------
-- Records of beautician
-- ----------------------------
INSERT INTO `beautician` VALUES ('1', 'zhougong', '1', '女', '{\"file_name\":\"65a44afe1e79fcaea976a73e90056f20.jpg\",\"file_type\":\"image\\/jpeg\",\"file_path\":\"D:\\/htdocs\\/project\\/xinya\\/upload\\/2016-01-03\\/\",\"full_path\":\"D:\\/htdocs\\/project\\/xinya\\/upload\\/2016-01-03\\/65a44afe1e79fcaea976a73e90056f20.jpg\",\"raw_name\":\"2016-01-03\\/65a44afe1e79fcaea976a73e90056f20\",\"orig_name\":\"zhuoku106.jpg\",\"client_name\":\"zhuoku106.jpg\",\"file_ext\":\".jpg\",\"file_size\":507.62,\"is_image\":true,\"image_width\":1920,\"image_height\":1200,\"image_type\":\"jpeg\",\"image_size_str\":\"width=\\\"1920\\\" height=\\\"1200\\\"\"}', '0', '2016-01-12', '0000-00-00 00:00:00');
INSERT INTO `beautician` VALUES ('2', '测试', '1', '男', '{\"file_name\":\"fde56667a3298be18cda21548459a231.jpg\",\"file_type\":\"image\\/jpeg\",\"file_path\":\"D:\\/htdocs\\/project\\/xinya\\/upload\\/2016-01-11\\/\",\"full_path\":\"D:\\/htdocs\\/project\\/xinya\\/upload\\/2016-01-11\\/fde56667a3298be18cda21548459a231.jpg\",\"raw_name\":\"2016-01-11\\/fde56667a3298be18cda21548459a231\",\"orig_name\":\"zhuoku106.jpg\",\"client_name\":\"zhuoku106.jpg\",\"file_ext\":\".jpg\",\"file_size\":507.62,\"is_image\":true,\"image_width\":1920,\"image_height\":1200,\"image_type\":\"jpeg\",\"image_size_str\":\"width=\\\"1920\\\" height=\\\"1200\\\"\"}', '0', '2015-12-25', '2016-01-11 14:05:52');

-- ----------------------------
-- Table structure for `beautician_rest`
-- ----------------------------
DROP TABLE IF EXISTS `beautician_rest`;
CREATE TABLE `beautician_rest` (
  `beautician_rest_id` bigint(11) unsigned NOT NULL AUTO_INCREMENT,
  `beautician_id` int(10) unsigned NOT NULL,
  `rest_day` date NOT NULL,
  `start_time` time NOT NULL,
  `end_time` time NOT NULL,
  `disabled` tinyint(1) unsigned NOT NULL DEFAULT '0',
  `ps` varchar(50) DEFAULT NULL,
  `create_time` datetime NOT NULL,
  PRIMARY KEY (`beautician_rest_id`)
) ENGINE=InnoDB AUTO_INCREMENT=4 DEFAULT CHARSET=utf8;

-- ----------------------------
-- Records of beautician_rest
-- ----------------------------
INSERT INTO `beautician_rest` VALUES ('2', '2', '2016-01-12', '13:00:00', '23:30:00', '0', '吃', '2016-01-11 15:56:07');
INSERT INTO `beautician_rest` VALUES ('3', '2', '2016-01-13', '09:00:00', '18:30:00', '0', '吃', '2016-01-11 16:02:17');

-- ----------------------------
-- Table structure for `category`
-- ----------------------------
DROP TABLE IF EXISTS `category`;
CREATE TABLE `category` (
  `category_id` int(11) unsigned NOT NULL AUTO_INCREMENT,
  `category_name` varchar(100) NOT NULL COMMENT '分类名称',
  `disabled` tinyint(1) unsigned NOT NULL DEFAULT '0',
  `create_time` datetime NOT NULL COMMENT '创建时间',
  PRIMARY KEY (`category_id`)
) ENGINE=InnoDB AUTO_INCREMENT=38 DEFAULT CHARSET=utf8 COMMENT='项目分类表';

-- ----------------------------
-- Records of category
-- ----------------------------
INSERT INTO `category` VALUES ('17', '面部按摩', '0', '2015-12-17 17:18:41');
INSERT INTO `category` VALUES ('31', '脸部按摩', '0', '2015-12-18 16:00:49');
INSERT INTO `category` VALUES ('34', '腿部按摩', '1', '2015-12-18 16:21:42');
INSERT INTO `category` VALUES ('35', '胸部按摩', '0', '2015-12-18 16:39:49');
INSERT INTO `category` VALUES ('37', '腿部按摩', '0', '2015-12-21 16:26:56');

-- ----------------------------
-- Table structure for `order`
-- ----------------------------
DROP TABLE IF EXISTS `order`;
CREATE TABLE `order` (
  `order_id` bigint(11) unsigned NOT NULL AUTO_INCREMENT,
  `order_no` varchar(50) NOT NULL COMMENT '订单号',
  `open_id` char(128) DEFAULT NULL COMMENT '用户在商户下的唯一标示',
  `shop_id` int(11) unsigned NOT NULL,
  `prepay_id` char(64) DEFAULT NULL COMMENT '预支付ID',
  `transaction_id` char(32) DEFAULT NULL COMMENT '微信订单号',
  `total_fee` float(10,2) unsigned NOT NULL COMMENT '订单金额',
  `order_status` enum('未支付','已支付','已消费','已退款') NOT NULL DEFAULT '未支付' COMMENT '订单状态',
  `pay_time` datetime DEFAULT NULL COMMENT '订单支付时间',
  `complete_time` datetime DEFAULT NULL COMMENT '订单完成时间（到店内进行了美容)',
  `beautician_id` bigint(10) unsigned NOT NULL COMMENT '预约美容师ID',
  `appointment_day` date NOT NULL COMMENT '预约日期',
  `appointment_start_time` time NOT NULL COMMENT '预约开始时间',
  `appointment_end_time` time NOT NULL COMMENT '预约结束时间',
  `disabled` tinyint(1) unsigned NOT NULL DEFAULT '0',
  `create_time` datetime NOT NULL COMMENT '下单时间',
  PRIMARY KEY (`order_id`)
) ENGINE=InnoDB AUTO_INCREMENT=190 DEFAULT CHARSET=utf8 COMMENT='订单表';

-- ----------------------------
-- Records of order
-- ----------------------------
INSERT INTO `order` VALUES ('188', '201601122326020123828167', 'xxxxxxxx', '1', null, null, '100.00', '未支付', null, null, '2', '2016-01-12', '09:00:00', '10:00:00', '0', '2016-01-12 23:26:02');
INSERT INTO `order` VALUES ('189', '201601122348590129232918', 'xxxxxxxx', '1', null, null, '100.00', '已支付', null, null, '2', '2016-01-13', '23:00:00', '00:00:00', '0', '2016-01-13 00:35:59');

-- ----------------------------
-- Table structure for `order_project`
-- ----------------------------
DROP TABLE IF EXISTS `order_project`;
CREATE TABLE `order_project` (
  `order_project_id` bigint(11) unsigned NOT NULL AUTO_INCREMENT,
  `order_id` bigint(11) unsigned NOT NULL,
  `project_id` bigint(11) unsigned NOT NULL,
  `project_name` varchar(100) NOT NULL,
  `project_use_time` int(10) NOT NULL,
  `project_price` float(10,2) unsigned NOT NULL COMMENT '项目金额',
  `project_cover` varchar(1000) DEFAULT NULL,
  `buy_counts` int(11) unsigned NOT NULL DEFAULT '1' COMMENT '项目购买数量',
  `create_time` datetime NOT NULL,
  PRIMARY KEY (`order_project_id`)
) ENGINE=InnoDB AUTO_INCREMENT=187 DEFAULT CHARSET=utf8 COMMENT='订单下的项目表';

-- ----------------------------
-- Records of order_project
-- ----------------------------
INSERT INTO `order_project` VALUES ('37', '43', '9', '测试脸部按摩3', '44', '0.01', null, '1', '2015-12-27 16:25:55');
INSERT INTO `order_project` VALUES ('38', '44', '4', '面部按摩测试', '1100', '0.01', null, '1', '2015-12-27 16:25:55');
INSERT INTO `order_project` VALUES ('39', '45', '4', '面部按摩测试', '1100', '0.01', null, '1', '2015-12-27 16:25:55');
INSERT INTO `order_project` VALUES ('40', '46', '9', '测试脸部按摩3', '44', '0.01', null, '1', '2015-12-27 16:30:05');
INSERT INTO `order_project` VALUES ('41', '47', '4', '面部按摩测试', '1100', '0.01', null, '1', '2015-12-27 16:30:05');
INSERT INTO `order_project` VALUES ('42', '48', '4', '面部按摩测试', '1100', '0.01', null, '1', '2015-12-27 16:30:05');
INSERT INTO `order_project` VALUES ('43', '49', '4', '面部按摩测试', '1100', '0.01', null, '1', '2015-12-27 16:30:05');
INSERT INTO `order_project` VALUES ('44', '50', '4', '面部按摩测试', '1100', '0.01', null, '1', '2015-12-27 16:30:05');
INSERT INTO `order_project` VALUES ('45', '51', '9', '测试脸部按摩3', '44', '0.01', '{\"file_name\":\"6f925f02d87040cf649df7585ec15319.jpg\",\"file_type\":\"image\\/jpeg\",\"file_path\":\"D:\\/htdocs\\/project\\/xinya\\/app\\/upload\\/\",\"full_path\":\"D:\\/htdocs\\/project\\/xinya\\/app\\/upload\\/6f925f02d87040cf649df7585ec15319.jpg\",\"raw_name\":\"6f925f02d87040cf649df7585ec15319\",\"orig_name\":\"Jianyue002.jpg\",\"client_name\":\"Jianyue002.jpg\",\"file_ext\":\".jpg\",\"file_size\":117.28,\"is_image\":true,\"image_width\":1920,\"image_height\":1200,\"image_type\":\"jpeg\",\"image_size_str\":\"width=\\\"1920\\\" height=\\\"1200\\\"\"}', '1', '2015-12-27 16:55:00');
INSERT INTO `order_project` VALUES ('46', '52', '4', '面部按摩测试', '1100', '0.01', '{\"file_name\":\"a3dfb5f33258cac220a22c6495349555.jpg\",\"file_type\":\"image\\/jpeg\",\"file_path\":\"D:\\/htdocs\\/project\\/xinya\\/app\\/upload\\/\",\"full_path\":\"D:\\/htdocs\\/project\\/xinya\\/app\\/upload\\/a3dfb5f33258cac220a22c6495349555.jpg\",\"raw_name\":\"a3dfb5f33258cac220a22c6495349555\",\"orig_name\":\"Jianyue003.jpg\",\"client_name\":\"Jianyue003.jpg\",\"file_ext\":\".jpg\",\"file_size\":136.48,\"is_image\":true,\"image_width\":1920,\"image_height\":1200,\"image_type\":\"jpeg\",\"image_size_str\":\"width=\\\"1920\\\" height=\\\"1200\\\"\"}', '1', '2015-12-27 16:55:00');
INSERT INTO `order_project` VALUES ('47', '53', '4', '面部按摩测试', '1100', '0.01', '{\"file_name\":\"a3dfb5f33258cac220a22c6495349555.jpg\",\"file_type\":\"image\\/jpeg\",\"file_path\":\"D:\\/htdocs\\/project\\/xinya\\/app\\/upload\\/\",\"full_path\":\"D:\\/htdocs\\/project\\/xinya\\/app\\/upload\\/a3dfb5f33258cac220a22c6495349555.jpg\",\"raw_name\":\"a3dfb5f33258cac220a22c6495349555\",\"orig_name\":\"Jianyue003.jpg\",\"client_name\":\"Jianyue003.jpg\",\"file_ext\":\".jpg\",\"file_size\":136.48,\"is_image\":true,\"image_width\":1920,\"image_height\":1200,\"image_type\":\"jpeg\",\"image_size_str\":\"width=\\\"1920\\\" height=\\\"1200\\\"\"}', '1', '2015-12-27 16:55:00');
INSERT INTO `order_project` VALUES ('48', '54', '4', '面部按摩测试', '1100', '0.01', '{\"file_name\":\"a3dfb5f33258cac220a22c6495349555.jpg\",\"file_type\":\"image\\/jpeg\",\"file_path\":\"D:\\/htdocs\\/project\\/xinya\\/app\\/upload\\/\",\"full_path\":\"D:\\/htdocs\\/project\\/xinya\\/app\\/upload\\/a3dfb5f33258cac220a22c6495349555.jpg\",\"raw_name\":\"a3dfb5f33258cac220a22c6495349555\",\"orig_name\":\"Jianyue003.jpg\",\"client_name\":\"Jianyue003.jpg\",\"file_ext\":\".jpg\",\"file_size\":136.48,\"is_image\":true,\"image_width\":1920,\"image_height\":1200,\"image_type\":\"jpeg\",\"image_size_str\":\"width=\\\"1920\\\" height=\\\"1200\\\"\"}', '1', '2015-12-27 16:55:00');
INSERT INTO `order_project` VALUES ('49', '55', '4', '面部按摩测试', '1100', '0.01', '{\"file_name\":\"a3dfb5f33258cac220a22c6495349555.jpg\",\"file_type\":\"image\\/jpeg\",\"file_path\":\"D:\\/htdocs\\/project\\/xinya\\/app\\/upload\\/\",\"full_path\":\"D:\\/htdocs\\/project\\/xinya\\/app\\/upload\\/a3dfb5f33258cac220a22c6495349555.jpg\",\"raw_name\":\"a3dfb5f33258cac220a22c6495349555\",\"orig_name\":\"Jianyue003.jpg\",\"client_name\":\"Jianyue003.jpg\",\"file_ext\":\".jpg\",\"file_size\":136.48,\"is_image\":true,\"image_width\":1920,\"image_height\":1200,\"image_type\":\"jpeg\",\"image_size_str\":\"width=\\\"1920\\\" height=\\\"1200\\\"\"}', '1', '2015-12-27 16:55:00');
INSERT INTO `order_project` VALUES ('50', '56', '9', '测试脸部按摩3', '44', '0.01', '{\"file_name\":\"6f925f02d87040cf649df7585ec15319.jpg\",\"file_type\":\"image\\/jpeg\",\"file_path\":\"D:\\/htdocs\\/project\\/xinya\\/app\\/upload\\/\",\"full_path\":\"D:\\/htdocs\\/project\\/xinya\\/app\\/upload\\/6f925f02d87040cf649df7585ec15319.jpg\",\"raw_name\":\"6f925f02d87040cf649df7585ec15319\",\"orig_name\":\"Jianyue002.jpg\",\"client_name\":\"Jianyue002.jpg\",\"file_ext\":\".jpg\",\"file_size\":117.28,\"is_image\":true,\"image_width\":1920,\"image_height\":1200,\"image_type\":\"jpeg\",\"image_size_str\":\"width=\\\"1920\\\" height=\\\"1200\\\"\"}', '1', '2015-12-27 17:10:39');
INSERT INTO `order_project` VALUES ('51', '57', '4', '面部按摩测试', '1100', '0.01', '{\"file_name\":\"a3dfb5f33258cac220a22c6495349555.jpg\",\"file_type\":\"image\\/jpeg\",\"file_path\":\"D:\\/htdocs\\/project\\/xinya\\/app\\/upload\\/\",\"full_path\":\"D:\\/htdocs\\/project\\/xinya\\/app\\/upload\\/a3dfb5f33258cac220a22c6495349555.jpg\",\"raw_name\":\"a3dfb5f33258cac220a22c6495349555\",\"orig_name\":\"Jianyue003.jpg\",\"client_name\":\"Jianyue003.jpg\",\"file_ext\":\".jpg\",\"file_size\":136.48,\"is_image\":true,\"image_width\":1920,\"image_height\":1200,\"image_type\":\"jpeg\",\"image_size_str\":\"width=\\\"1920\\\" height=\\\"1200\\\"\"}', '1', '2015-12-27 17:10:39');
INSERT INTO `order_project` VALUES ('52', '58', '4', '面部按摩测试', '1100', '0.01', '{\"file_name\":\"a3dfb5f33258cac220a22c6495349555.jpg\",\"file_type\":\"image\\/jpeg\",\"file_path\":\"D:\\/htdocs\\/project\\/xinya\\/app\\/upload\\/\",\"full_path\":\"D:\\/htdocs\\/project\\/xinya\\/app\\/upload\\/a3dfb5f33258cac220a22c6495349555.jpg\",\"raw_name\":\"a3dfb5f33258cac220a22c6495349555\",\"orig_name\":\"Jianyue003.jpg\",\"client_name\":\"Jianyue003.jpg\",\"file_ext\":\".jpg\",\"file_size\":136.48,\"is_image\":true,\"image_width\":1920,\"image_height\":1200,\"image_type\":\"jpeg\",\"image_size_str\":\"width=\\\"1920\\\" height=\\\"1200\\\"\"}', '1', '2015-12-27 17:10:39');
INSERT INTO `order_project` VALUES ('53', '59', '4', '面部按摩测试', '1100', '0.01', '{\"file_name\":\"a3dfb5f33258cac220a22c6495349555.jpg\",\"file_type\":\"image\\/jpeg\",\"file_path\":\"D:\\/htdocs\\/project\\/xinya\\/app\\/upload\\/\",\"full_path\":\"D:\\/htdocs\\/project\\/xinya\\/app\\/upload\\/a3dfb5f33258cac220a22c6495349555.jpg\",\"raw_name\":\"a3dfb5f33258cac220a22c6495349555\",\"orig_name\":\"Jianyue003.jpg\",\"client_name\":\"Jianyue003.jpg\",\"file_ext\":\".jpg\",\"file_size\":136.48,\"is_image\":true,\"image_width\":1920,\"image_height\":1200,\"image_type\":\"jpeg\",\"image_size_str\":\"width=\\\"1920\\\" height=\\\"1200\\\"\"}', '1', '2015-12-27 17:10:40');
INSERT INTO `order_project` VALUES ('54', '60', '4', '面部按摩测试', '1100', '0.01', '{\"file_name\":\"a3dfb5f33258cac220a22c6495349555.jpg\",\"file_type\":\"image\\/jpeg\",\"file_path\":\"D:\\/htdocs\\/project\\/xinya\\/app\\/upload\\/\",\"full_path\":\"D:\\/htdocs\\/project\\/xinya\\/app\\/upload\\/a3dfb5f33258cac220a22c6495349555.jpg\",\"raw_name\":\"a3dfb5f33258cac220a22c6495349555\",\"orig_name\":\"Jianyue003.jpg\",\"client_name\":\"Jianyue003.jpg\",\"file_ext\":\".jpg\",\"file_size\":136.48,\"is_image\":true,\"image_width\":1920,\"image_height\":1200,\"image_type\":\"jpeg\",\"image_size_str\":\"width=\\\"1920\\\" height=\\\"1200\\\"\"}', '1', '2015-12-27 17:10:40');
INSERT INTO `order_project` VALUES ('55', '61', '9', '测试脸部按摩3', '44', '0.01', '{\"file_name\":\"6f925f02d87040cf649df7585ec15319.jpg\",\"file_type\":\"image\\/jpeg\",\"file_path\":\"D:\\/htdocs\\/project\\/xinya\\/app\\/upload\\/\",\"full_path\":\"D:\\/htdocs\\/project\\/xinya\\/app\\/upload\\/6f925f02d87040cf649df7585ec15319.jpg\",\"raw_name\":\"6f925f02d87040cf649df7585ec15319\",\"orig_name\":\"Jianyue002.jpg\",\"client_name\":\"Jianyue002.jpg\",\"file_ext\":\".jpg\",\"file_size\":117.28,\"is_image\":true,\"image_width\":1920,\"image_height\":1200,\"image_type\":\"jpeg\",\"image_size_str\":\"width=\\\"1920\\\" height=\\\"1200\\\"\"}', '1', '2015-12-27 17:11:20');
INSERT INTO `order_project` VALUES ('56', '62', '9', '测试脸部按摩3', '44', '0.01', '{\"file_name\":\"6f925f02d87040cf649df7585ec15319.jpg\",\"file_type\":\"image\\/jpeg\",\"file_path\":\"D:\\/htdocs\\/project\\/xinya\\/app\\/upload\\/\",\"full_path\":\"D:\\/htdocs\\/project\\/xinya\\/app\\/upload\\/6f925f02d87040cf649df7585ec15319.jpg\",\"raw_name\":\"6f925f02d87040cf649df7585ec15319\",\"orig_name\":\"Jianyue002.jpg\",\"client_name\":\"Jianyue002.jpg\",\"file_ext\":\".jpg\",\"file_size\":117.28,\"is_image\":true,\"image_width\":1920,\"image_height\":1200,\"image_type\":\"jpeg\",\"image_size_str\":\"width=\\\"1920\\\" height=\\\"1200\\\"\"}', '1', '2015-12-27 17:11:20');
INSERT INTO `order_project` VALUES ('57', '63', '9', '测试脸部按摩3', '44', '0.01', '{\"file_name\":\"6f925f02d87040cf649df7585ec15319.jpg\",\"file_type\":\"image\\/jpeg\",\"file_path\":\"D:\\/htdocs\\/project\\/xinya\\/app\\/upload\\/\",\"full_path\":\"D:\\/htdocs\\/project\\/xinya\\/app\\/upload\\/6f925f02d87040cf649df7585ec15319.jpg\",\"raw_name\":\"6f925f02d87040cf649df7585ec15319\",\"orig_name\":\"Jianyue002.jpg\",\"client_name\":\"Jianyue002.jpg\",\"file_ext\":\".jpg\",\"file_size\":117.28,\"is_image\":true,\"image_width\":1920,\"image_height\":1200,\"image_type\":\"jpeg\",\"image_size_str\":\"width=\\\"1920\\\" height=\\\"1200\\\"\"}', '1', '2015-12-27 17:11:20');
INSERT INTO `order_project` VALUES ('58', '64', '9', '测试脸部按摩3', '44', '0.01', '{\"file_name\":\"6f925f02d87040cf649df7585ec15319.jpg\",\"file_type\":\"image\\/jpeg\",\"file_path\":\"D:\\/htdocs\\/project\\/xinya\\/app\\/upload\\/\",\"full_path\":\"D:\\/htdocs\\/project\\/xinya\\/app\\/upload\\/6f925f02d87040cf649df7585ec15319.jpg\",\"raw_name\":\"6f925f02d87040cf649df7585ec15319\",\"orig_name\":\"Jianyue002.jpg\",\"client_name\":\"Jianyue002.jpg\",\"file_ext\":\".jpg\",\"file_size\":117.28,\"is_image\":true,\"image_width\":1920,\"image_height\":1200,\"image_type\":\"jpeg\",\"image_size_str\":\"width=\\\"1920\\\" height=\\\"1200\\\"\"}', '1', '2015-12-27 17:11:20');
INSERT INTO `order_project` VALUES ('59', '65', '9', '测试脸部按摩3', '44', '0.01', '{\"file_name\":\"6f925f02d87040cf649df7585ec15319.jpg\",\"file_type\":\"image\\/jpeg\",\"file_path\":\"D:\\/htdocs\\/project\\/xinya\\/app\\/upload\\/\",\"full_path\":\"D:\\/htdocs\\/project\\/xinya\\/app\\/upload\\/6f925f02d87040cf649df7585ec15319.jpg\",\"raw_name\":\"6f925f02d87040cf649df7585ec15319\",\"orig_name\":\"Jianyue002.jpg\",\"client_name\":\"Jianyue002.jpg\",\"file_ext\":\".jpg\",\"file_size\":117.28,\"is_image\":true,\"image_width\":1920,\"image_height\":1200,\"image_type\":\"jpeg\",\"image_size_str\":\"width=\\\"1920\\\" height=\\\"1200\\\"\"}', '1', '2015-12-27 17:11:20');
INSERT INTO `order_project` VALUES ('60', '66', '9', '测试脸部按摩3', '44', '0.01', '{\"file_name\":\"6f925f02d87040cf649df7585ec15319.jpg\",\"file_type\":\"image\\/jpeg\",\"file_path\":\"D:\\/htdocs\\/project\\/xinya\\/app\\/upload\\/\",\"full_path\":\"D:\\/htdocs\\/project\\/xinya\\/app\\/upload\\/6f925f02d87040cf649df7585ec15319.jpg\",\"raw_name\":\"6f925f02d87040cf649df7585ec15319\",\"orig_name\":\"Jianyue002.jpg\",\"client_name\":\"Jianyue002.jpg\",\"file_ext\":\".jpg\",\"file_size\":117.28,\"is_image\":true,\"image_width\":1920,\"image_height\":1200,\"image_type\":\"jpeg\",\"image_size_str\":\"width=\\\"1920\\\" height=\\\"1200\\\"\"}', '1', '2015-12-27 17:11:20');
INSERT INTO `order_project` VALUES ('61', '67', '5', '测试脸部按摩', '33', '0.01', '{\"file_name\":\"e430b8b888b92a2b32f689e07e219c2a.jpg\",\"file_type\":\"image\\/jpeg\",\"file_path\":\"D:\\/htdocs\\/project\\/xinya\\/app\\/upload\\/\",\"full_path\":\"D:\\/htdocs\\/project\\/xinya\\/app\\/upload\\/e430b8b888b92a2b32f689e07e219c2a.jpg\",\"raw_name\":\"e430b8b888b92a2b32f689e07e219c2a\",\"orig_name\":\"zhuoku106.jpg\",\"client_name\":\"zhuoku106.jpg\",\"file_ext\":\".jpg\",\"file_size\":507.62,\"is_image\":true,\"image_width\":1920,\"image_height\":1200,\"image_type\":\"jpeg\",\"image_size_str\":\"width=\\\"1920\\\" height=\\\"1200\\\"\"}', '1', '2015-12-27 17:11:20');
INSERT INTO `order_project` VALUES ('62', '68', '5', '测试脸部按摩', '33', '0.01', '{\"file_name\":\"e430b8b888b92a2b32f689e07e219c2a.jpg\",\"file_type\":\"image\\/jpeg\",\"file_path\":\"D:\\/htdocs\\/project\\/xinya\\/app\\/upload\\/\",\"full_path\":\"D:\\/htdocs\\/project\\/xinya\\/app\\/upload\\/e430b8b888b92a2b32f689e07e219c2a.jpg\",\"raw_name\":\"e430b8b888b92a2b32f689e07e219c2a\",\"orig_name\":\"zhuoku106.jpg\",\"client_name\":\"zhuoku106.jpg\",\"file_ext\":\".jpg\",\"file_size\":507.62,\"is_image\":true,\"image_width\":1920,\"image_height\":1200,\"image_type\":\"jpeg\",\"image_size_str\":\"width=\\\"1920\\\" height=\\\"1200\\\"\"}', '1', '2015-12-27 17:11:20');
INSERT INTO `order_project` VALUES ('63', '69', '5', '测试脸部按摩', '33', '0.01', '{\"file_name\":\"e430b8b888b92a2b32f689e07e219c2a.jpg\",\"file_type\":\"image\\/jpeg\",\"file_path\":\"D:\\/htdocs\\/project\\/xinya\\/app\\/upload\\/\",\"full_path\":\"D:\\/htdocs\\/project\\/xinya\\/app\\/upload\\/e430b8b888b92a2b32f689e07e219c2a.jpg\",\"raw_name\":\"e430b8b888b92a2b32f689e07e219c2a\",\"orig_name\":\"zhuoku106.jpg\",\"client_name\":\"zhuoku106.jpg\",\"file_ext\":\".jpg\",\"file_size\":507.62,\"is_image\":true,\"image_width\":1920,\"image_height\":1200,\"image_type\":\"jpeg\",\"image_size_str\":\"width=\\\"1920\\\" height=\\\"1200\\\"\"}', '1', '2015-12-27 17:11:20');
INSERT INTO `order_project` VALUES ('64', '70', '5', '测试脸部按摩', '33', '0.01', '{\"file_name\":\"e430b8b888b92a2b32f689e07e219c2a.jpg\",\"file_type\":\"image\\/jpeg\",\"file_path\":\"D:\\/htdocs\\/project\\/xinya\\/app\\/upload\\/\",\"full_path\":\"D:\\/htdocs\\/project\\/xinya\\/app\\/upload\\/e430b8b888b92a2b32f689e07e219c2a.jpg\",\"raw_name\":\"e430b8b888b92a2b32f689e07e219c2a\",\"orig_name\":\"zhuoku106.jpg\",\"client_name\":\"zhuoku106.jpg\",\"file_ext\":\".jpg\",\"file_size\":507.62,\"is_image\":true,\"image_width\":1920,\"image_height\":1200,\"image_type\":\"jpeg\",\"image_size_str\":\"width=\\\"1920\\\" height=\\\"1200\\\"\"}', '1', '2015-12-27 17:11:20');
INSERT INTO `order_project` VALUES ('65', '71', '5', '测试脸部按摩', '33', '0.01', '{\"file_name\":\"e430b8b888b92a2b32f689e07e219c2a.jpg\",\"file_type\":\"image\\/jpeg\",\"file_path\":\"D:\\/htdocs\\/project\\/xinya\\/app\\/upload\\/\",\"full_path\":\"D:\\/htdocs\\/project\\/xinya\\/app\\/upload\\/e430b8b888b92a2b32f689e07e219c2a.jpg\",\"raw_name\":\"e430b8b888b92a2b32f689e07e219c2a\",\"orig_name\":\"zhuoku106.jpg\",\"client_name\":\"zhuoku106.jpg\",\"file_ext\":\".jpg\",\"file_size\":507.62,\"is_image\":true,\"image_width\":1920,\"image_height\":1200,\"image_type\":\"jpeg\",\"image_size_str\":\"width=\\\"1920\\\" height=\\\"1200\\\"\"}', '1', '2015-12-27 17:11:20');
INSERT INTO `order_project` VALUES ('66', '72', '4', '面部按摩测试', '1100', '0.01', '{\"file_name\":\"a3dfb5f33258cac220a22c6495349555.jpg\",\"file_type\":\"image\\/jpeg\",\"file_path\":\"D:\\/htdocs\\/project\\/xinya\\/app\\/upload\\/\",\"full_path\":\"D:\\/htdocs\\/project\\/xinya\\/app\\/upload\\/a3dfb5f33258cac220a22c6495349555.jpg\",\"raw_name\":\"a3dfb5f33258cac220a22c6495349555\",\"orig_name\":\"Jianyue003.jpg\",\"client_name\":\"Jianyue003.jpg\",\"file_ext\":\".jpg\",\"file_size\":136.48,\"is_image\":true,\"image_width\":1920,\"image_height\":1200,\"image_type\":\"jpeg\",\"image_size_str\":\"width=\\\"1920\\\" height=\\\"1200\\\"\"}', '1', '2015-12-27 17:11:20');
INSERT INTO `order_project` VALUES ('67', '73', '4', '面部按摩测试', '1100', '0.01', '{\"file_name\":\"a3dfb5f33258cac220a22c6495349555.jpg\",\"file_type\":\"image\\/jpeg\",\"file_path\":\"D:\\/htdocs\\/project\\/xinya\\/app\\/upload\\/\",\"full_path\":\"D:\\/htdocs\\/project\\/xinya\\/app\\/upload\\/a3dfb5f33258cac220a22c6495349555.jpg\",\"raw_name\":\"a3dfb5f33258cac220a22c6495349555\",\"orig_name\":\"Jianyue003.jpg\",\"client_name\":\"Jianyue003.jpg\",\"file_ext\":\".jpg\",\"file_size\":136.48,\"is_image\":true,\"image_width\":1920,\"image_height\":1200,\"image_type\":\"jpeg\",\"image_size_str\":\"width=\\\"1920\\\" height=\\\"1200\\\"\"}', '1', '2015-12-27 17:11:20');
INSERT INTO `order_project` VALUES ('68', '74', '4', '面部按摩测试', '1100', '0.01', '{\"file_name\":\"a3dfb5f33258cac220a22c6495349555.jpg\",\"file_type\":\"image\\/jpeg\",\"file_path\":\"D:\\/htdocs\\/project\\/xinya\\/app\\/upload\\/\",\"full_path\":\"D:\\/htdocs\\/project\\/xinya\\/app\\/upload\\/a3dfb5f33258cac220a22c6495349555.jpg\",\"raw_name\":\"a3dfb5f33258cac220a22c6495349555\",\"orig_name\":\"Jianyue003.jpg\",\"client_name\":\"Jianyue003.jpg\",\"file_ext\":\".jpg\",\"file_size\":136.48,\"is_image\":true,\"image_width\":1920,\"image_height\":1200,\"image_type\":\"jpeg\",\"image_size_str\":\"width=\\\"1920\\\" height=\\\"1200\\\"\"}', '1', '2015-12-27 17:11:20');
INSERT INTO `order_project` VALUES ('69', '75', '4', '面部按摩测试', '1100', '0.01', '{\"file_name\":\"a3dfb5f33258cac220a22c6495349555.jpg\",\"file_type\":\"image\\/jpeg\",\"file_path\":\"D:\\/htdocs\\/project\\/xinya\\/app\\/upload\\/\",\"full_path\":\"D:\\/htdocs\\/project\\/xinya\\/app\\/upload\\/a3dfb5f33258cac220a22c6495349555.jpg\",\"raw_name\":\"a3dfb5f33258cac220a22c6495349555\",\"orig_name\":\"Jianyue003.jpg\",\"client_name\":\"Jianyue003.jpg\",\"file_ext\":\".jpg\",\"file_size\":136.48,\"is_image\":true,\"image_width\":1920,\"image_height\":1200,\"image_type\":\"jpeg\",\"image_size_str\":\"width=\\\"1920\\\" height=\\\"1200\\\"\"}', '1', '2015-12-27 17:11:20');
INSERT INTO `order_project` VALUES ('70', '76', '9', '测试脸部按摩3', '44', '0.01', '{\"file_name\":\"6f925f02d87040cf649df7585ec15319.jpg\",\"file_type\":\"image\\/jpeg\",\"file_path\":\"D:\\/htdocs\\/project\\/xinya\\/app\\/upload\\/\",\"full_path\":\"D:\\/htdocs\\/project\\/xinya\\/app\\/upload\\/6f925f02d87040cf649df7585ec15319.jpg\",\"raw_name\":\"6f925f02d87040cf649df7585ec15319\",\"orig_name\":\"Jianyue002.jpg\",\"client_name\":\"Jianyue002.jpg\",\"file_ext\":\".jpg\",\"file_size\":117.28,\"is_image\":true,\"image_width\":1920,\"image_height\":1200,\"image_type\":\"jpeg\",\"image_size_str\":\"width=\\\"1920\\\" height=\\\"1200\\\"\"}', '1', '2015-12-28 10:31:41');
INSERT INTO `order_project` VALUES ('71', '77', '9', '测试脸部按摩3', '44', '0.01', '{\"file_name\":\"6f925f02d87040cf649df7585ec15319.jpg\",\"file_type\":\"image\\/jpeg\",\"file_path\":\"D:\\/htdocs\\/project\\/xinya\\/app\\/upload\\/\",\"full_path\":\"D:\\/htdocs\\/project\\/xinya\\/app\\/upload\\/6f925f02d87040cf649df7585ec15319.jpg\",\"raw_name\":\"6f925f02d87040cf649df7585ec15319\",\"orig_name\":\"Jianyue002.jpg\",\"client_name\":\"Jianyue002.jpg\",\"file_ext\":\".jpg\",\"file_size\":117.28,\"is_image\":true,\"image_width\":1920,\"image_height\":1200,\"image_type\":\"jpeg\",\"image_size_str\":\"width=\\\"1920\\\" height=\\\"1200\\\"\"}', '1', '2015-12-28 10:31:41');
INSERT INTO `order_project` VALUES ('72', '78', '8', '测试脸部按摩2', '44', '0.01', '{\"file_name\":\"6202aedbeddf55dcb97a745ebbd7b99c.jpg\",\"file_type\":\"image\\/jpeg\",\"file_path\":\"D:\\/htdocs\\/project\\/xinya\\/app\\/upload\\/\",\"full_path\":\"D:\\/htdocs\\/project\\/xinya\\/app\\/upload\\/6202aedbeddf55dcb97a745ebbd7b99c.jpg\",\"raw_name\":\"6202aedbeddf55dcb97a745ebbd7b99c\",\"orig_name\":\"Jianyue003.jpg\",\"client_name\":\"Jianyue003.jpg\",\"file_ext\":\".jpg\",\"file_size\":136.48,\"is_image\":true,\"image_width\":1920,\"image_height\":1200,\"image_type\":\"jpeg\",\"image_size_str\":\"width=\\\"1920\\\" height=\\\"1200\\\"\"}', '1', '2015-12-28 10:31:41');
INSERT INTO `order_project` VALUES ('73', '79', '8', '测试脸部按摩2', '44', '0.01', '{\"file_name\":\"6202aedbeddf55dcb97a745ebbd7b99c.jpg\",\"file_type\":\"image\\/jpeg\",\"file_path\":\"D:\\/htdocs\\/project\\/xinya\\/app\\/upload\\/\",\"full_path\":\"D:\\/htdocs\\/project\\/xinya\\/app\\/upload\\/6202aedbeddf55dcb97a745ebbd7b99c.jpg\",\"raw_name\":\"6202aedbeddf55dcb97a745ebbd7b99c\",\"orig_name\":\"Jianyue003.jpg\",\"client_name\":\"Jianyue003.jpg\",\"file_ext\":\".jpg\",\"file_size\":136.48,\"is_image\":true,\"image_width\":1920,\"image_height\":1200,\"image_type\":\"jpeg\",\"image_size_str\":\"width=\\\"1920\\\" height=\\\"1200\\\"\"}', '1', '2015-12-28 10:31:41');
INSERT INTO `order_project` VALUES ('74', '80', '8', '测试脸部按摩2', '44', '0.01', '{\"file_name\":\"6202aedbeddf55dcb97a745ebbd7b99c.jpg\",\"file_type\":\"image\\/jpeg\",\"file_path\":\"D:\\/htdocs\\/project\\/xinya\\/app\\/upload\\/\",\"full_path\":\"D:\\/htdocs\\/project\\/xinya\\/app\\/upload\\/6202aedbeddf55dcb97a745ebbd7b99c.jpg\",\"raw_name\":\"6202aedbeddf55dcb97a745ebbd7b99c\",\"orig_name\":\"Jianyue003.jpg\",\"client_name\":\"Jianyue003.jpg\",\"file_ext\":\".jpg\",\"file_size\":136.48,\"is_image\":true,\"image_width\":1920,\"image_height\":1200,\"image_type\":\"jpeg\",\"image_size_str\":\"width=\\\"1920\\\" height=\\\"1200\\\"\"}', '1', '2015-12-28 10:31:41');
INSERT INTO `order_project` VALUES ('75', '81', '8', '测试脸部按摩2', '44', '0.01', '{\"file_name\":\"6202aedbeddf55dcb97a745ebbd7b99c.jpg\",\"file_type\":\"image\\/jpeg\",\"file_path\":\"D:\\/htdocs\\/project\\/xinya\\/app\\/upload\\/\",\"full_path\":\"D:\\/htdocs\\/project\\/xinya\\/app\\/upload\\/6202aedbeddf55dcb97a745ebbd7b99c.jpg\",\"raw_name\":\"6202aedbeddf55dcb97a745ebbd7b99c\",\"orig_name\":\"Jianyue003.jpg\",\"client_name\":\"Jianyue003.jpg\",\"file_ext\":\".jpg\",\"file_size\":136.48,\"is_image\":true,\"image_width\":1920,\"image_height\":1200,\"image_type\":\"jpeg\",\"image_size_str\":\"width=\\\"1920\\\" height=\\\"1200\\\"\"}', '1', '2015-12-28 10:31:41');
INSERT INTO `order_project` VALUES ('76', '82', '8', '测试脸部按摩2', '44', '0.01', '{\"file_name\":\"6202aedbeddf55dcb97a745ebbd7b99c.jpg\",\"file_type\":\"image\\/jpeg\",\"file_path\":\"D:\\/htdocs\\/project\\/xinya\\/app\\/upload\\/\",\"full_path\":\"D:\\/htdocs\\/project\\/xinya\\/app\\/upload\\/6202aedbeddf55dcb97a745ebbd7b99c.jpg\",\"raw_name\":\"6202aedbeddf55dcb97a745ebbd7b99c\",\"orig_name\":\"Jianyue003.jpg\",\"client_name\":\"Jianyue003.jpg\",\"file_ext\":\".jpg\",\"file_size\":136.48,\"is_image\":true,\"image_width\":1920,\"image_height\":1200,\"image_type\":\"jpeg\",\"image_size_str\":\"width=\\\"1920\\\" height=\\\"1200\\\"\"}', '1', '2015-12-28 10:31:41');
INSERT INTO `order_project` VALUES ('77', '83', '8', '测试脸部按摩2', '44', '0.01', '{\"file_name\":\"6202aedbeddf55dcb97a745ebbd7b99c.jpg\",\"file_type\":\"image\\/jpeg\",\"file_path\":\"D:\\/htdocs\\/project\\/xinya\\/app\\/upload\\/\",\"full_path\":\"D:\\/htdocs\\/project\\/xinya\\/app\\/upload\\/6202aedbeddf55dcb97a745ebbd7b99c.jpg\",\"raw_name\":\"6202aedbeddf55dcb97a745ebbd7b99c\",\"orig_name\":\"Jianyue003.jpg\",\"client_name\":\"Jianyue003.jpg\",\"file_ext\":\".jpg\",\"file_size\":136.48,\"is_image\":true,\"image_width\":1920,\"image_height\":1200,\"image_type\":\"jpeg\",\"image_size_str\":\"width=\\\"1920\\\" height=\\\"1200\\\"\"}', '1', '2015-12-28 10:31:41');
INSERT INTO `order_project` VALUES ('78', '84', '8', '测试脸部按摩2', '44', '0.01', '{\"file_name\":\"6202aedbeddf55dcb97a745ebbd7b99c.jpg\",\"file_type\":\"image\\/jpeg\",\"file_path\":\"D:\\/htdocs\\/project\\/xinya\\/app\\/upload\\/\",\"full_path\":\"D:\\/htdocs\\/project\\/xinya\\/app\\/upload\\/6202aedbeddf55dcb97a745ebbd7b99c.jpg\",\"raw_name\":\"6202aedbeddf55dcb97a745ebbd7b99c\",\"orig_name\":\"Jianyue003.jpg\",\"client_name\":\"Jianyue003.jpg\",\"file_ext\":\".jpg\",\"file_size\":136.48,\"is_image\":true,\"image_width\":1920,\"image_height\":1200,\"image_type\":\"jpeg\",\"image_size_str\":\"width=\\\"1920\\\" height=\\\"1200\\\"\"}', '1', '2015-12-28 10:31:41');
INSERT INTO `order_project` VALUES ('79', '85', '10', '肌底新生美白护理', '90', '398.00', '{\"file_name\":\"0910a0e831659aae210c08606ed0465b.png\",\"file_type\":\"image\\/png\",\"file_path\":\"\\/data\\/home\\/qyu2039650001\\/htdocs\\/upload\\/\",\"full_path\":\"\\/data\\/home\\/qyu2039650001\\/htdocs\\/upload\\/0910a0e831659aae210c08606ed0465b.png\",\"raw_name\":\"0910a0e831659aae210c08606ed0465b\",\"orig_name\":\"\\u4e0d\\u671f\\u800c\\u9047logo\\u6700\\u7ec8\\u7a3f-psd-02\\u526f\\u672c.png\",\"client_name\":\"\\u4e0d\\u671f\\u800c\\u9047logo\\u6700\\u7ec8\\u7a3f-psd-02\\u526f\\u672c.png\",\"file_ext\":\".png\",\"file_size\":43.17,\"is_image\":true,\"image_width\":528,\"image_height\":492,\"image_type\":\"png\",\"image_size_str\":\"width=\\\"528\\\" height=\\\"492\\\"\"}', '1', '2015-12-28 10:48:22');
INSERT INTO `order_project` VALUES ('80', '86', '10', '肌底新生美白护理', '90', '398.00', '{\"file_name\":\"0910a0e831659aae210c08606ed0465b.png\",\"file_type\":\"image\\/png\",\"file_path\":\"\\/data\\/home\\/qyu2039650001\\/htdocs\\/upload\\/\",\"full_path\":\"\\/data\\/home\\/qyu2039650001\\/htdocs\\/upload\\/0910a0e831659aae210c08606ed0465b.png\",\"raw_name\":\"0910a0e831659aae210c08606ed0465b\",\"orig_name\":\"\\u4e0d\\u671f\\u800c\\u9047logo\\u6700\\u7ec8\\u7a3f-psd-02\\u526f\\u672c.png\",\"client_name\":\"\\u4e0d\\u671f\\u800c\\u9047logo\\u6700\\u7ec8\\u7a3f-psd-02\\u526f\\u672c.png\",\"file_ext\":\".png\",\"file_size\":43.17,\"is_image\":true,\"image_width\":528,\"image_height\":492,\"image_type\":\"png\",\"image_size_str\":\"width=\\\"528\\\" height=\\\"492\\\"\"}', '1', '2015-12-28 10:48:22');
INSERT INTO `order_project` VALUES ('81', '87', '10', '肌底新生美白护理', '90', '398.00', '{\"file_name\":\"0910a0e831659aae210c08606ed0465b.png\",\"file_type\":\"image\\/png\",\"file_path\":\"\\/data\\/home\\/qyu2039650001\\/htdocs\\/upload\\/\",\"full_path\":\"\\/data\\/home\\/qyu2039650001\\/htdocs\\/upload\\/0910a0e831659aae210c08606ed0465b.png\",\"raw_name\":\"0910a0e831659aae210c08606ed0465b\",\"orig_name\":\"\\u4e0d\\u671f\\u800c\\u9047logo\\u6700\\u7ec8\\u7a3f-psd-02\\u526f\\u672c.png\",\"client_name\":\"\\u4e0d\\u671f\\u800c\\u9047logo\\u6700\\u7ec8\\u7a3f-psd-02\\u526f\\u672c.png\",\"file_ext\":\".png\",\"file_size\":43.17,\"is_image\":true,\"image_width\":528,\"image_height\":492,\"image_type\":\"png\",\"image_size_str\":\"width=\\\"528\\\" height=\\\"492\\\"\"}', '1', '2015-12-28 10:48:22');
INSERT INTO `order_project` VALUES ('82', '88', '10', '肌底新生美白护理', '90', '398.00', '{\"file_name\":\"0910a0e831659aae210c08606ed0465b.png\",\"file_type\":\"image\\/png\",\"file_path\":\"\\/data\\/home\\/qyu2039650001\\/htdocs\\/upload\\/\",\"full_path\":\"\\/data\\/home\\/qyu2039650001\\/htdocs\\/upload\\/0910a0e831659aae210c08606ed0465b.png\",\"raw_name\":\"0910a0e831659aae210c08606ed0465b\",\"orig_name\":\"\\u4e0d\\u671f\\u800c\\u9047logo\\u6700\\u7ec8\\u7a3f-psd-02\\u526f\\u672c.png\",\"client_name\":\"\\u4e0d\\u671f\\u800c\\u9047logo\\u6700\\u7ec8\\u7a3f-psd-02\\u526f\\u672c.png\",\"file_ext\":\".png\",\"file_size\":43.17,\"is_image\":true,\"image_width\":528,\"image_height\":492,\"image_type\":\"png\",\"image_size_str\":\"width=\\\"528\\\" height=\\\"492\\\"\"}', '1', '2015-12-28 10:48:22');
INSERT INTO `order_project` VALUES ('83', '89', '10', '肌底新生美白护理', '90', '398.00', '{\"file_name\":\"0910a0e831659aae210c08606ed0465b.png\",\"file_type\":\"image\\/png\",\"file_path\":\"\\/data\\/home\\/qyu2039650001\\/htdocs\\/upload\\/\",\"full_path\":\"\\/data\\/home\\/qyu2039650001\\/htdocs\\/upload\\/0910a0e831659aae210c08606ed0465b.png\",\"raw_name\":\"0910a0e831659aae210c08606ed0465b\",\"orig_name\":\"\\u4e0d\\u671f\\u800c\\u9047logo\\u6700\\u7ec8\\u7a3f-psd-02\\u526f\\u672c.png\",\"client_name\":\"\\u4e0d\\u671f\\u800c\\u9047logo\\u6700\\u7ec8\\u7a3f-psd-02\\u526f\\u672c.png\",\"file_ext\":\".png\",\"file_size\":43.17,\"is_image\":true,\"image_width\":528,\"image_height\":492,\"image_type\":\"png\",\"image_size_str\":\"width=\\\"528\\\" height=\\\"492\\\"\"}', '1', '2015-12-28 10:48:22');
INSERT INTO `order_project` VALUES ('84', '90', '10', '肌底新生美白护理', '90', '398.00', '{\"file_name\":\"0910a0e831659aae210c08606ed0465b.png\",\"file_type\":\"image\\/png\",\"file_path\":\"\\/data\\/home\\/qyu2039650001\\/htdocs\\/upload\\/\",\"full_path\":\"\\/data\\/home\\/qyu2039650001\\/htdocs\\/upload\\/0910a0e831659aae210c08606ed0465b.png\",\"raw_name\":\"0910a0e831659aae210c08606ed0465b\",\"orig_name\":\"\\u4e0d\\u671f\\u800c\\u9047logo\\u6700\\u7ec8\\u7a3f-psd-02\\u526f\\u672c.png\",\"client_name\":\"\\u4e0d\\u671f\\u800c\\u9047logo\\u6700\\u7ec8\\u7a3f-psd-02\\u526f\\u672c.png\",\"file_ext\":\".png\",\"file_size\":43.17,\"is_image\":true,\"image_width\":528,\"image_height\":492,\"image_type\":\"png\",\"image_size_str\":\"width=\\\"528\\\" height=\\\"492\\\"\"}', '1', '2015-12-28 10:48:22');
INSERT INTO `order_project` VALUES ('85', '91', '10', '肌底新生美白护理', '90', '398.00', '{\"file_name\":\"0910a0e831659aae210c08606ed0465b.png\",\"file_type\":\"image\\/png\",\"file_path\":\"\\/data\\/home\\/qyu2039650001\\/htdocs\\/upload\\/\",\"full_path\":\"\\/data\\/home\\/qyu2039650001\\/htdocs\\/upload\\/0910a0e831659aae210c08606ed0465b.png\",\"raw_name\":\"0910a0e831659aae210c08606ed0465b\",\"orig_name\":\"\\u4e0d\\u671f\\u800c\\u9047logo\\u6700\\u7ec8\\u7a3f-psd-02\\u526f\\u672c.png\",\"client_name\":\"\\u4e0d\\u671f\\u800c\\u9047logo\\u6700\\u7ec8\\u7a3f-psd-02\\u526f\\u672c.png\",\"file_ext\":\".png\",\"file_size\":43.17,\"is_image\":true,\"image_width\":528,\"image_height\":492,\"image_type\":\"png\",\"image_size_str\":\"width=\\\"528\\\" height=\\\"492\\\"\"}', '1', '2015-12-28 10:48:22');
INSERT INTO `order_project` VALUES ('86', '92', '10', '肌底新生美白护理', '90', '398.00', '{\"file_name\":\"0910a0e831659aae210c08606ed0465b.png\",\"file_type\":\"image\\/png\",\"file_path\":\"\\/data\\/home\\/qyu2039650001\\/htdocs\\/upload\\/\",\"full_path\":\"\\/data\\/home\\/qyu2039650001\\/htdocs\\/upload\\/0910a0e831659aae210c08606ed0465b.png\",\"raw_name\":\"0910a0e831659aae210c08606ed0465b\",\"orig_name\":\"\\u4e0d\\u671f\\u800c\\u9047logo\\u6700\\u7ec8\\u7a3f-psd-02\\u526f\\u672c.png\",\"client_name\":\"\\u4e0d\\u671f\\u800c\\u9047logo\\u6700\\u7ec8\\u7a3f-psd-02\\u526f\\u672c.png\",\"file_ext\":\".png\",\"file_size\":43.17,\"is_image\":true,\"image_width\":528,\"image_height\":492,\"image_type\":\"png\",\"image_size_str\":\"width=\\\"528\\\" height=\\\"492\\\"\"}', '1', '2015-12-28 10:48:22');
INSERT INTO `order_project` VALUES ('87', '93', '10', '肌底新生美白护理', '90', '398.00', '{\"file_name\":\"0910a0e831659aae210c08606ed0465b.png\",\"file_type\":\"image\\/png\",\"file_path\":\"\\/data\\/home\\/qyu2039650001\\/htdocs\\/upload\\/\",\"full_path\":\"\\/data\\/home\\/qyu2039650001\\/htdocs\\/upload\\/0910a0e831659aae210c08606ed0465b.png\",\"raw_name\":\"0910a0e831659aae210c08606ed0465b\",\"orig_name\":\"\\u4e0d\\u671f\\u800c\\u9047logo\\u6700\\u7ec8\\u7a3f-psd-02\\u526f\\u672c.png\",\"client_name\":\"\\u4e0d\\u671f\\u800c\\u9047logo\\u6700\\u7ec8\\u7a3f-psd-02\\u526f\\u672c.png\",\"file_ext\":\".png\",\"file_size\":43.17,\"is_image\":true,\"image_width\":528,\"image_height\":492,\"image_type\":\"png\",\"image_size_str\":\"width=\\\"528\\\" height=\\\"492\\\"\"}', '1', '2015-12-28 10:48:22');
INSERT INTO `order_project` VALUES ('88', '94', '10', '肌底新生美白护理', '90', '398.00', '{\"file_name\":\"0910a0e831659aae210c08606ed0465b.png\",\"file_type\":\"image\\/png\",\"file_path\":\"\\/data\\/home\\/qyu2039650001\\/htdocs\\/upload\\/\",\"full_path\":\"\\/data\\/home\\/qyu2039650001\\/htdocs\\/upload\\/0910a0e831659aae210c08606ed0465b.png\",\"raw_name\":\"0910a0e831659aae210c08606ed0465b\",\"orig_name\":\"\\u4e0d\\u671f\\u800c\\u9047logo\\u6700\\u7ec8\\u7a3f-psd-02\\u526f\\u672c.png\",\"client_name\":\"\\u4e0d\\u671f\\u800c\\u9047logo\\u6700\\u7ec8\\u7a3f-psd-02\\u526f\\u672c.png\",\"file_ext\":\".png\",\"file_size\":43.17,\"is_image\":true,\"image_width\":528,\"image_height\":492,\"image_type\":\"png\",\"image_size_str\":\"width=\\\"528\\\" height=\\\"492\\\"\"}', '1', '2015-12-28 10:50:14');
INSERT INTO `order_project` VALUES ('89', '95', '10', '肌底新生美白护理', '90', '398.00', '{\"file_name\":\"0910a0e831659aae210c08606ed0465b.png\",\"file_type\":\"image\\/png\",\"file_path\":\"\\/data\\/home\\/qyu2039650001\\/htdocs\\/upload\\/\",\"full_path\":\"\\/data\\/home\\/qyu2039650001\\/htdocs\\/upload\\/0910a0e831659aae210c08606ed0465b.png\",\"raw_name\":\"0910a0e831659aae210c08606ed0465b\",\"orig_name\":\"\\u4e0d\\u671f\\u800c\\u9047logo\\u6700\\u7ec8\\u7a3f-psd-02\\u526f\\u672c.png\",\"client_name\":\"\\u4e0d\\u671f\\u800c\\u9047logo\\u6700\\u7ec8\\u7a3f-psd-02\\u526f\\u672c.png\",\"file_ext\":\".png\",\"file_size\":43.17,\"is_image\":true,\"image_width\":528,\"image_height\":492,\"image_type\":\"png\",\"image_size_str\":\"width=\\\"528\\\" height=\\\"492\\\"\"}', '1', '2015-12-28 10:50:14');
INSERT INTO `order_project` VALUES ('90', '96', '10', '肌底新生美白护理', '90', '398.00', '{\"file_name\":\"0910a0e831659aae210c08606ed0465b.png\",\"file_type\":\"image\\/png\",\"file_path\":\"\\/data\\/home\\/qyu2039650001\\/htdocs\\/upload\\/\",\"full_path\":\"\\/data\\/home\\/qyu2039650001\\/htdocs\\/upload\\/0910a0e831659aae210c08606ed0465b.png\",\"raw_name\":\"0910a0e831659aae210c08606ed0465b\",\"orig_name\":\"\\u4e0d\\u671f\\u800c\\u9047logo\\u6700\\u7ec8\\u7a3f-psd-02\\u526f\\u672c.png\",\"client_name\":\"\\u4e0d\\u671f\\u800c\\u9047logo\\u6700\\u7ec8\\u7a3f-psd-02\\u526f\\u672c.png\",\"file_ext\":\".png\",\"file_size\":43.17,\"is_image\":true,\"image_width\":528,\"image_height\":492,\"image_type\":\"png\",\"image_size_str\":\"width=\\\"528\\\" height=\\\"492\\\"\"}', '1', '2015-12-28 10:50:14');
INSERT INTO `order_project` VALUES ('91', '97', '10', '肌底新生美白护理', '90', '398.00', '{\"file_name\":\"0910a0e831659aae210c08606ed0465b.png\",\"file_type\":\"image\\/png\",\"file_path\":\"\\/data\\/home\\/qyu2039650001\\/htdocs\\/upload\\/\",\"full_path\":\"\\/data\\/home\\/qyu2039650001\\/htdocs\\/upload\\/0910a0e831659aae210c08606ed0465b.png\",\"raw_name\":\"0910a0e831659aae210c08606ed0465b\",\"orig_name\":\"\\u4e0d\\u671f\\u800c\\u9047logo\\u6700\\u7ec8\\u7a3f-psd-02\\u526f\\u672c.png\",\"client_name\":\"\\u4e0d\\u671f\\u800c\\u9047logo\\u6700\\u7ec8\\u7a3f-psd-02\\u526f\\u672c.png\",\"file_ext\":\".png\",\"file_size\":43.17,\"is_image\":true,\"image_width\":528,\"image_height\":492,\"image_type\":\"png\",\"image_size_str\":\"width=\\\"528\\\" height=\\\"492\\\"\"}', '1', '2015-12-28 10:50:34');
INSERT INTO `order_project` VALUES ('92', '98', '10', '肌底新生美白护理', '90', '398.00', '{\"file_name\":\"0910a0e831659aae210c08606ed0465b.png\",\"file_type\":\"image\\/png\",\"file_path\":\"\\/data\\/home\\/qyu2039650001\\/htdocs\\/upload\\/\",\"full_path\":\"\\/data\\/home\\/qyu2039650001\\/htdocs\\/upload\\/0910a0e831659aae210c08606ed0465b.png\",\"raw_name\":\"0910a0e831659aae210c08606ed0465b\",\"orig_name\":\"\\u4e0d\\u671f\\u800c\\u9047logo\\u6700\\u7ec8\\u7a3f-psd-02\\u526f\\u672c.png\",\"client_name\":\"\\u4e0d\\u671f\\u800c\\u9047logo\\u6700\\u7ec8\\u7a3f-psd-02\\u526f\\u672c.png\",\"file_ext\":\".png\",\"file_size\":43.17,\"is_image\":true,\"image_width\":528,\"image_height\":492,\"image_type\":\"png\",\"image_size_str\":\"width=\\\"528\\\" height=\\\"492\\\"\"}', '1', '2015-12-28 10:50:34');
INSERT INTO `order_project` VALUES ('93', '99', '10', '肌底新生美白护理', '90', '398.00', '{\"file_name\":\"0910a0e831659aae210c08606ed0465b.png\",\"file_type\":\"image\\/png\",\"file_path\":\"\\/data\\/home\\/qyu2039650001\\/htdocs\\/upload\\/\",\"full_path\":\"\\/data\\/home\\/qyu2039650001\\/htdocs\\/upload\\/0910a0e831659aae210c08606ed0465b.png\",\"raw_name\":\"0910a0e831659aae210c08606ed0465b\",\"orig_name\":\"\\u4e0d\\u671f\\u800c\\u9047logo\\u6700\\u7ec8\\u7a3f-psd-02\\u526f\\u672c.png\",\"client_name\":\"\\u4e0d\\u671f\\u800c\\u9047logo\\u6700\\u7ec8\\u7a3f-psd-02\\u526f\\u672c.png\",\"file_ext\":\".png\",\"file_size\":43.17,\"is_image\":true,\"image_width\":528,\"image_height\":492,\"image_type\":\"png\",\"image_size_str\":\"width=\\\"528\\\" height=\\\"492\\\"\"}', '1', '2015-12-28 10:50:34');
INSERT INTO `order_project` VALUES ('94', '100', '10', '肌底新生美白护理', '90', '398.00', '{\"file_name\":\"0910a0e831659aae210c08606ed0465b.png\",\"file_type\":\"image\\/png\",\"file_path\":\"\\/data\\/home\\/qyu2039650001\\/htdocs\\/upload\\/\",\"full_path\":\"\\/data\\/home\\/qyu2039650001\\/htdocs\\/upload\\/0910a0e831659aae210c08606ed0465b.png\",\"raw_name\":\"0910a0e831659aae210c08606ed0465b\",\"orig_name\":\"\\u4e0d\\u671f\\u800c\\u9047logo\\u6700\\u7ec8\\u7a3f-psd-02\\u526f\\u672c.png\",\"client_name\":\"\\u4e0d\\u671f\\u800c\\u9047logo\\u6700\\u7ec8\\u7a3f-psd-02\\u526f\\u672c.png\",\"file_ext\":\".png\",\"file_size\":43.17,\"is_image\":true,\"image_width\":528,\"image_height\":492,\"image_type\":\"png\",\"image_size_str\":\"width=\\\"528\\\" height=\\\"492\\\"\"}', '1', '2015-12-28 10:50:34');
INSERT INTO `order_project` VALUES ('95', '101', '10', '肌底新生美白护理', '90', '398.00', '{\"file_name\":\"0910a0e831659aae210c08606ed0465b.png\",\"file_type\":\"image\\/png\",\"file_path\":\"\\/data\\/home\\/qyu2039650001\\/htdocs\\/upload\\/\",\"full_path\":\"\\/data\\/home\\/qyu2039650001\\/htdocs\\/upload\\/0910a0e831659aae210c08606ed0465b.png\",\"raw_name\":\"0910a0e831659aae210c08606ed0465b\",\"orig_name\":\"\\u4e0d\\u671f\\u800c\\u9047logo\\u6700\\u7ec8\\u7a3f-psd-02\\u526f\\u672c.png\",\"client_name\":\"\\u4e0d\\u671f\\u800c\\u9047logo\\u6700\\u7ec8\\u7a3f-psd-02\\u526f\\u672c.png\",\"file_ext\":\".png\",\"file_size\":43.17,\"is_image\":true,\"image_width\":528,\"image_height\":492,\"image_type\":\"png\",\"image_size_str\":\"width=\\\"528\\\" height=\\\"492\\\"\"}', '1', '2015-12-28 10:50:34');
INSERT INTO `order_project` VALUES ('96', '102', '10', '肌底新生美白护理', '90', '398.00', '{\"file_name\":\"0910a0e831659aae210c08606ed0465b.png\",\"file_type\":\"image\\/png\",\"file_path\":\"\\/data\\/home\\/qyu2039650001\\/htdocs\\/upload\\/\",\"full_path\":\"\\/data\\/home\\/qyu2039650001\\/htdocs\\/upload\\/0910a0e831659aae210c08606ed0465b.png\",\"raw_name\":\"0910a0e831659aae210c08606ed0465b\",\"orig_name\":\"\\u4e0d\\u671f\\u800c\\u9047logo\\u6700\\u7ec8\\u7a3f-psd-02\\u526f\\u672c.png\",\"client_name\":\"\\u4e0d\\u671f\\u800c\\u9047logo\\u6700\\u7ec8\\u7a3f-psd-02\\u526f\\u672c.png\",\"file_ext\":\".png\",\"file_size\":43.17,\"is_image\":true,\"image_width\":528,\"image_height\":492,\"image_type\":\"png\",\"image_size_str\":\"width=\\\"528\\\" height=\\\"492\\\"\"}', '1', '2015-12-28 10:50:34');
INSERT INTO `order_project` VALUES ('97', '103', '10', '肌底新生美白护理', '90', '398.00', '{\"file_name\":\"0910a0e831659aae210c08606ed0465b.png\",\"file_type\":\"image\\/png\",\"file_path\":\"\\/data\\/home\\/qyu2039650001\\/htdocs\\/upload\\/\",\"full_path\":\"\\/data\\/home\\/qyu2039650001\\/htdocs\\/upload\\/0910a0e831659aae210c08606ed0465b.png\",\"raw_name\":\"0910a0e831659aae210c08606ed0465b\",\"orig_name\":\"\\u4e0d\\u671f\\u800c\\u9047logo\\u6700\\u7ec8\\u7a3f-psd-02\\u526f\\u672c.png\",\"client_name\":\"\\u4e0d\\u671f\\u800c\\u9047logo\\u6700\\u7ec8\\u7a3f-psd-02\\u526f\\u672c.png\",\"file_ext\":\".png\",\"file_size\":43.17,\"is_image\":true,\"image_width\":528,\"image_height\":492,\"image_type\":\"png\",\"image_size_str\":\"width=\\\"528\\\" height=\\\"492\\\"\"}', '1', '2015-12-28 10:50:34');
INSERT INTO `order_project` VALUES ('98', '104', '10', '肌底新生美白护理', '90', '398.00', '{\"file_name\":\"0910a0e831659aae210c08606ed0465b.png\",\"file_type\":\"image\\/png\",\"file_path\":\"\\/data\\/home\\/qyu2039650001\\/htdocs\\/upload\\/\",\"full_path\":\"\\/data\\/home\\/qyu2039650001\\/htdocs\\/upload\\/0910a0e831659aae210c08606ed0465b.png\",\"raw_name\":\"0910a0e831659aae210c08606ed0465b\",\"orig_name\":\"\\u4e0d\\u671f\\u800c\\u9047logo\\u6700\\u7ec8\\u7a3f-psd-02\\u526f\\u672c.png\",\"client_name\":\"\\u4e0d\\u671f\\u800c\\u9047logo\\u6700\\u7ec8\\u7a3f-psd-02\\u526f\\u672c.png\",\"file_ext\":\".png\",\"file_size\":43.17,\"is_image\":true,\"image_width\":528,\"image_height\":492,\"image_type\":\"png\",\"image_size_str\":\"width=\\\"528\\\" height=\\\"492\\\"\"}', '1', '2015-12-28 10:50:34');
INSERT INTO `order_project` VALUES ('99', '105', '10', '肌底新生美白护理', '90', '398.00', '{\"file_name\":\"0910a0e831659aae210c08606ed0465b.png\",\"file_type\":\"image\\/png\",\"file_path\":\"\\/data\\/home\\/qyu2039650001\\/htdocs\\/upload\\/\",\"full_path\":\"\\/data\\/home\\/qyu2039650001\\/htdocs\\/upload\\/0910a0e831659aae210c08606ed0465b.png\",\"raw_name\":\"0910a0e831659aae210c08606ed0465b\",\"orig_name\":\"\\u4e0d\\u671f\\u800c\\u9047logo\\u6700\\u7ec8\\u7a3f-psd-02\\u526f\\u672c.png\",\"client_name\":\"\\u4e0d\\u671f\\u800c\\u9047logo\\u6700\\u7ec8\\u7a3f-psd-02\\u526f\\u672c.png\",\"file_ext\":\".png\",\"file_size\":43.17,\"is_image\":true,\"image_width\":528,\"image_height\":492,\"image_type\":\"png\",\"image_size_str\":\"width=\\\"528\\\" height=\\\"492\\\"\"}', '1', '2015-12-28 10:50:34');
INSERT INTO `order_project` VALUES ('100', '106', '10', '肌底新生美白护理', '90', '398.00', '{\"file_name\":\"0910a0e831659aae210c08606ed0465b.png\",\"file_type\":\"image\\/png\",\"file_path\":\"\\/data\\/home\\/qyu2039650001\\/htdocs\\/upload\\/\",\"full_path\":\"\\/data\\/home\\/qyu2039650001\\/htdocs\\/upload\\/0910a0e831659aae210c08606ed0465b.png\",\"raw_name\":\"0910a0e831659aae210c08606ed0465b\",\"orig_name\":\"\\u4e0d\\u671f\\u800c\\u9047logo\\u6700\\u7ec8\\u7a3f-psd-02\\u526f\\u672c.png\",\"client_name\":\"\\u4e0d\\u671f\\u800c\\u9047logo\\u6700\\u7ec8\\u7a3f-psd-02\\u526f\\u672c.png\",\"file_ext\":\".png\",\"file_size\":43.17,\"is_image\":true,\"image_width\":528,\"image_height\":492,\"image_type\":\"png\",\"image_size_str\":\"width=\\\"528\\\" height=\\\"492\\\"\"}', '1', '2015-12-28 10:51:14');
INSERT INTO `order_project` VALUES ('101', '107', '10', '肌底新生美白护理', '90', '398.00', '{\"file_name\":\"0910a0e831659aae210c08606ed0465b.png\",\"file_type\":\"image\\/png\",\"file_path\":\"\\/data\\/home\\/qyu2039650001\\/htdocs\\/upload\\/\",\"full_path\":\"\\/data\\/home\\/qyu2039650001\\/htdocs\\/upload\\/0910a0e831659aae210c08606ed0465b.png\",\"raw_name\":\"0910a0e831659aae210c08606ed0465b\",\"orig_name\":\"\\u4e0d\\u671f\\u800c\\u9047logo\\u6700\\u7ec8\\u7a3f-psd-02\\u526f\\u672c.png\",\"client_name\":\"\\u4e0d\\u671f\\u800c\\u9047logo\\u6700\\u7ec8\\u7a3f-psd-02\\u526f\\u672c.png\",\"file_ext\":\".png\",\"file_size\":43.17,\"is_image\":true,\"image_width\":528,\"image_height\":492,\"image_type\":\"png\",\"image_size_str\":\"width=\\\"528\\\" height=\\\"492\\\"\"}', '1', '2015-12-28 10:51:14');
INSERT INTO `order_project` VALUES ('102', '108', '10', '肌底新生美白护理', '90', '398.00', '{\"file_name\":\"0910a0e831659aae210c08606ed0465b.png\",\"file_type\":\"image\\/png\",\"file_path\":\"\\/data\\/home\\/qyu2039650001\\/htdocs\\/upload\\/\",\"full_path\":\"\\/data\\/home\\/qyu2039650001\\/htdocs\\/upload\\/0910a0e831659aae210c08606ed0465b.png\",\"raw_name\":\"0910a0e831659aae210c08606ed0465b\",\"orig_name\":\"\\u4e0d\\u671f\\u800c\\u9047logo\\u6700\\u7ec8\\u7a3f-psd-02\\u526f\\u672c.png\",\"client_name\":\"\\u4e0d\\u671f\\u800c\\u9047logo\\u6700\\u7ec8\\u7a3f-psd-02\\u526f\\u672c.png\",\"file_ext\":\".png\",\"file_size\":43.17,\"is_image\":true,\"image_width\":528,\"image_height\":492,\"image_type\":\"png\",\"image_size_str\":\"width=\\\"528\\\" height=\\\"492\\\"\"}', '1', '2015-12-28 10:51:14');
INSERT INTO `order_project` VALUES ('103', '109', '10', '肌底新生美白护理', '90', '398.00', '{\"file_name\":\"0910a0e831659aae210c08606ed0465b.png\",\"file_type\":\"image\\/png\",\"file_path\":\"\\/data\\/home\\/qyu2039650001\\/htdocs\\/upload\\/\",\"full_path\":\"\\/data\\/home\\/qyu2039650001\\/htdocs\\/upload\\/0910a0e831659aae210c08606ed0465b.png\",\"raw_name\":\"0910a0e831659aae210c08606ed0465b\",\"orig_name\":\"\\u4e0d\\u671f\\u800c\\u9047logo\\u6700\\u7ec8\\u7a3f-psd-02\\u526f\\u672c.png\",\"client_name\":\"\\u4e0d\\u671f\\u800c\\u9047logo\\u6700\\u7ec8\\u7a3f-psd-02\\u526f\\u672c.png\",\"file_ext\":\".png\",\"file_size\":43.17,\"is_image\":true,\"image_width\":528,\"image_height\":492,\"image_type\":\"png\",\"image_size_str\":\"width=\\\"528\\\" height=\\\"492\\\"\"}', '1', '2015-12-28 10:54:02');
INSERT INTO `order_project` VALUES ('104', '110', '10', '肌底新生美白护理', '90', '398.00', '{\"file_name\":\"0910a0e831659aae210c08606ed0465b.png\",\"file_type\":\"image\\/png\",\"file_path\":\"\\/data\\/home\\/qyu2039650001\\/htdocs\\/upload\\/\",\"full_path\":\"\\/data\\/home\\/qyu2039650001\\/htdocs\\/upload\\/0910a0e831659aae210c08606ed0465b.png\",\"raw_name\":\"0910a0e831659aae210c08606ed0465b\",\"orig_name\":\"\\u4e0d\\u671f\\u800c\\u9047logo\\u6700\\u7ec8\\u7a3f-psd-02\\u526f\\u672c.png\",\"client_name\":\"\\u4e0d\\u671f\\u800c\\u9047logo\\u6700\\u7ec8\\u7a3f-psd-02\\u526f\\u672c.png\",\"file_ext\":\".png\",\"file_size\":43.17,\"is_image\":true,\"image_width\":528,\"image_height\":492,\"image_type\":\"png\",\"image_size_str\":\"width=\\\"528\\\" height=\\\"492\\\"\"}', '1', '2015-12-28 10:54:02');
INSERT INTO `order_project` VALUES ('105', '111', '10', '肌底新生美白护理', '90', '398.00', '{\"file_name\":\"0910a0e831659aae210c08606ed0465b.png\",\"file_type\":\"image\\/png\",\"file_path\":\"\\/data\\/home\\/qyu2039650001\\/htdocs\\/upload\\/\",\"full_path\":\"\\/data\\/home\\/qyu2039650001\\/htdocs\\/upload\\/0910a0e831659aae210c08606ed0465b.png\",\"raw_name\":\"0910a0e831659aae210c08606ed0465b\",\"orig_name\":\"\\u4e0d\\u671f\\u800c\\u9047logo\\u6700\\u7ec8\\u7a3f-psd-02\\u526f\\u672c.png\",\"client_name\":\"\\u4e0d\\u671f\\u800c\\u9047logo\\u6700\\u7ec8\\u7a3f-psd-02\\u526f\\u672c.png\",\"file_ext\":\".png\",\"file_size\":43.17,\"is_image\":true,\"image_width\":528,\"image_height\":492,\"image_type\":\"png\",\"image_size_str\":\"width=\\\"528\\\" height=\\\"492\\\"\"}', '1', '2015-12-28 10:54:02');
INSERT INTO `order_project` VALUES ('106', '112', '10', '肌底新生美白护理', '90', '398.00', '{\"file_name\":\"0910a0e831659aae210c08606ed0465b.png\",\"file_type\":\"image\\/png\",\"file_path\":\"\\/data\\/home\\/qyu2039650001\\/htdocs\\/upload\\/\",\"full_path\":\"\\/data\\/home\\/qyu2039650001\\/htdocs\\/upload\\/0910a0e831659aae210c08606ed0465b.png\",\"raw_name\":\"0910a0e831659aae210c08606ed0465b\",\"orig_name\":\"\\u4e0d\\u671f\\u800c\\u9047logo\\u6700\\u7ec8\\u7a3f-psd-02\\u526f\\u672c.png\",\"client_name\":\"\\u4e0d\\u671f\\u800c\\u9047logo\\u6700\\u7ec8\\u7a3f-psd-02\\u526f\\u672c.png\",\"file_ext\":\".png\",\"file_size\":43.17,\"is_image\":true,\"image_width\":528,\"image_height\":492,\"image_type\":\"png\",\"image_size_str\":\"width=\\\"528\\\" height=\\\"492\\\"\"}', '1', '2015-12-28 11:12:39');
INSERT INTO `order_project` VALUES ('107', '113', '10', '肌底新生美白护理', '90', '398.00', '{\"file_name\":\"0910a0e831659aae210c08606ed0465b.png\",\"file_type\":\"image\\/png\",\"file_path\":\"\\/data\\/home\\/qyu2039650001\\/htdocs\\/upload\\/\",\"full_path\":\"\\/data\\/home\\/qyu2039650001\\/htdocs\\/upload\\/0910a0e831659aae210c08606ed0465b.png\",\"raw_name\":\"0910a0e831659aae210c08606ed0465b\",\"orig_name\":\"\\u4e0d\\u671f\\u800c\\u9047logo\\u6700\\u7ec8\\u7a3f-psd-02\\u526f\\u672c.png\",\"client_name\":\"\\u4e0d\\u671f\\u800c\\u9047logo\\u6700\\u7ec8\\u7a3f-psd-02\\u526f\\u672c.png\",\"file_ext\":\".png\",\"file_size\":43.17,\"is_image\":true,\"image_width\":528,\"image_height\":492,\"image_type\":\"png\",\"image_size_str\":\"width=\\\"528\\\" height=\\\"492\\\"\"}', '1', '2015-12-28 11:35:49');
INSERT INTO `order_project` VALUES ('108', '114', '10', '肌底新生美白护理', '90', '398.00', '{\"file_name\":\"0910a0e831659aae210c08606ed0465b.png\",\"file_type\":\"image\\/png\",\"file_path\":\"\\/data\\/home\\/qyu2039650001\\/htdocs\\/upload\\/\",\"full_path\":\"\\/data\\/home\\/qyu2039650001\\/htdocs\\/upload\\/0910a0e831659aae210c08606ed0465b.png\",\"raw_name\":\"0910a0e831659aae210c08606ed0465b\",\"orig_name\":\"\\u4e0d\\u671f\\u800c\\u9047logo\\u6700\\u7ec8\\u7a3f-psd-02\\u526f\\u672c.png\",\"client_name\":\"\\u4e0d\\u671f\\u800c\\u9047logo\\u6700\\u7ec8\\u7a3f-psd-02\\u526f\\u672c.png\",\"file_ext\":\".png\",\"file_size\":43.17,\"is_image\":true,\"image_width\":528,\"image_height\":492,\"image_type\":\"png\",\"image_size_str\":\"width=\\\"528\\\" height=\\\"492\\\"\"}', '1', '2015-12-28 11:51:18');
INSERT INTO `order_project` VALUES ('109', '115', '10', '肌底新生美白护理', '90', '398.00', '{\"file_name\":\"0910a0e831659aae210c08606ed0465b.png\",\"file_type\":\"image\\/png\",\"file_path\":\"\\/data\\/home\\/qyu2039650001\\/htdocs\\/upload\\/\",\"full_path\":\"\\/data\\/home\\/qyu2039650001\\/htdocs\\/upload\\/0910a0e831659aae210c08606ed0465b.png\",\"raw_name\":\"0910a0e831659aae210c08606ed0465b\",\"orig_name\":\"\\u4e0d\\u671f\\u800c\\u9047logo\\u6700\\u7ec8\\u7a3f-psd-02\\u526f\\u672c.png\",\"client_name\":\"\\u4e0d\\u671f\\u800c\\u9047logo\\u6700\\u7ec8\\u7a3f-psd-02\\u526f\\u672c.png\",\"file_ext\":\".png\",\"file_size\":43.17,\"is_image\":true,\"image_width\":528,\"image_height\":492,\"image_type\":\"png\",\"image_size_str\":\"width=\\\"528\\\" height=\\\"492\\\"\"}', '1', '2015-12-28 11:51:18');
INSERT INTO `order_project` VALUES ('110', '116', '10', '肌底新生美白护理', '90', '398.00', '{\"file_name\":\"0910a0e831659aae210c08606ed0465b.png\",\"file_type\":\"image\\/png\",\"file_path\":\"\\/data\\/home\\/qyu2039650001\\/htdocs\\/upload\\/\",\"full_path\":\"\\/data\\/home\\/qyu2039650001\\/htdocs\\/upload\\/0910a0e831659aae210c08606ed0465b.png\",\"raw_name\":\"0910a0e831659aae210c08606ed0465b\",\"orig_name\":\"\\u4e0d\\u671f\\u800c\\u9047logo\\u6700\\u7ec8\\u7a3f-psd-02\\u526f\\u672c.png\",\"client_name\":\"\\u4e0d\\u671f\\u800c\\u9047logo\\u6700\\u7ec8\\u7a3f-psd-02\\u526f\\u672c.png\",\"file_ext\":\".png\",\"file_size\":43.17,\"is_image\":true,\"image_width\":528,\"image_height\":492,\"image_type\":\"png\",\"image_size_str\":\"width=\\\"528\\\" height=\\\"492\\\"\"}', '1', '2015-12-28 11:51:18');
INSERT INTO `order_project` VALUES ('111', '117', '10', '肌底新生美白护理', '90', '398.00', '{\"file_name\":\"0910a0e831659aae210c08606ed0465b.png\",\"file_type\":\"image\\/png\",\"file_path\":\"\\/data\\/home\\/qyu2039650001\\/htdocs\\/upload\\/\",\"full_path\":\"\\/data\\/home\\/qyu2039650001\\/htdocs\\/upload\\/0910a0e831659aae210c08606ed0465b.png\",\"raw_name\":\"0910a0e831659aae210c08606ed0465b\",\"orig_name\":\"\\u4e0d\\u671f\\u800c\\u9047logo\\u6700\\u7ec8\\u7a3f-psd-02\\u526f\\u672c.png\",\"client_name\":\"\\u4e0d\\u671f\\u800c\\u9047logo\\u6700\\u7ec8\\u7a3f-psd-02\\u526f\\u672c.png\",\"file_ext\":\".png\",\"file_size\":43.17,\"is_image\":true,\"image_width\":528,\"image_height\":492,\"image_type\":\"png\",\"image_size_str\":\"width=\\\"528\\\" height=\\\"492\\\"\"}', '1', '2015-12-28 22:47:10');
INSERT INTO `order_project` VALUES ('112', '118', '10', '肌底新生美白护理', '90', '398.00', '{\"file_name\":\"0910a0e831659aae210c08606ed0465b.png\",\"file_type\":\"image\\/png\",\"file_path\":\"\\/data\\/home\\/qyu2039650001\\/htdocs\\/upload\\/\",\"full_path\":\"\\/data\\/home\\/qyu2039650001\\/htdocs\\/upload\\/0910a0e831659aae210c08606ed0465b.png\",\"raw_name\":\"0910a0e831659aae210c08606ed0465b\",\"orig_name\":\"\\u4e0d\\u671f\\u800c\\u9047logo\\u6700\\u7ec8\\u7a3f-psd-02\\u526f\\u672c.png\",\"client_name\":\"\\u4e0d\\u671f\\u800c\\u9047logo\\u6700\\u7ec8\\u7a3f-psd-02\\u526f\\u672c.png\",\"file_ext\":\".png\",\"file_size\":43.17,\"is_image\":true,\"image_width\":528,\"image_height\":492,\"image_type\":\"png\",\"image_size_str\":\"width=\\\"528\\\" height=\\\"492\\\"\"}', '1', '2015-12-28 22:47:57');
INSERT INTO `order_project` VALUES ('113', '119', '10', '肌底新生美白护理', '90', '398.00', '{\"file_name\":\"0910a0e831659aae210c08606ed0465b.png\",\"file_type\":\"image\\/png\",\"file_path\":\"\\/data\\/home\\/qyu2039650001\\/htdocs\\/upload\\/\",\"full_path\":\"\\/data\\/home\\/qyu2039650001\\/htdocs\\/upload\\/0910a0e831659aae210c08606ed0465b.png\",\"raw_name\":\"0910a0e831659aae210c08606ed0465b\",\"orig_name\":\"\\u4e0d\\u671f\\u800c\\u9047logo\\u6700\\u7ec8\\u7a3f-psd-02\\u526f\\u672c.png\",\"client_name\":\"\\u4e0d\\u671f\\u800c\\u9047logo\\u6700\\u7ec8\\u7a3f-psd-02\\u526f\\u672c.png\",\"file_ext\":\".png\",\"file_size\":43.17,\"is_image\":true,\"image_width\":528,\"image_height\":492,\"image_type\":\"png\",\"image_size_str\":\"width=\\\"528\\\" height=\\\"492\\\"\"}', '1', '2015-12-28 22:49:58');
INSERT INTO `order_project` VALUES ('114', '120', '10', '肌底新生美白护理', '90', '398.00', '{\"file_name\":\"0910a0e831659aae210c08606ed0465b.png\",\"file_type\":\"image\\/png\",\"file_path\":\"\\/data\\/home\\/qyu2039650001\\/htdocs\\/upload\\/\",\"full_path\":\"\\/data\\/home\\/qyu2039650001\\/htdocs\\/upload\\/0910a0e831659aae210c08606ed0465b.png\",\"raw_name\":\"0910a0e831659aae210c08606ed0465b\",\"orig_name\":\"\\u4e0d\\u671f\\u800c\\u9047logo\\u6700\\u7ec8\\u7a3f-psd-02\\u526f\\u672c.png\",\"client_name\":\"\\u4e0d\\u671f\\u800c\\u9047logo\\u6700\\u7ec8\\u7a3f-psd-02\\u526f\\u672c.png\",\"file_ext\":\".png\",\"file_size\":43.17,\"is_image\":true,\"image_width\":528,\"image_height\":492,\"image_type\":\"png\",\"image_size_str\":\"width=\\\"528\\\" height=\\\"492\\\"\"}', '1', '2015-12-28 23:03:33');
INSERT INTO `order_project` VALUES ('115', '121', '10', '肌底新生美白护理', '90', '398.00', '{\"file_name\":\"0910a0e831659aae210c08606ed0465b.png\",\"file_type\":\"image\\/png\",\"file_path\":\"\\/data\\/home\\/qyu2039650001\\/htdocs\\/upload\\/\",\"full_path\":\"\\/data\\/home\\/qyu2039650001\\/htdocs\\/upload\\/0910a0e831659aae210c08606ed0465b.png\",\"raw_name\":\"0910a0e831659aae210c08606ed0465b\",\"orig_name\":\"\\u4e0d\\u671f\\u800c\\u9047logo\\u6700\\u7ec8\\u7a3f-psd-02\\u526f\\u672c.png\",\"client_name\":\"\\u4e0d\\u671f\\u800c\\u9047logo\\u6700\\u7ec8\\u7a3f-psd-02\\u526f\\u672c.png\",\"file_ext\":\".png\",\"file_size\":43.17,\"is_image\":true,\"image_width\":528,\"image_height\":492,\"image_type\":\"png\",\"image_size_str\":\"width=\\\"528\\\" height=\\\"492\\\"\"}', '1', '2015-12-28 23:03:33');
INSERT INTO `order_project` VALUES ('116', '122', '10', '肌底新生美白护理', '90', '398.00', '{\"file_name\":\"0910a0e831659aae210c08606ed0465b.png\",\"file_type\":\"image\\/png\",\"file_path\":\"\\/data\\/home\\/qyu2039650001\\/htdocs\\/upload\\/\",\"full_path\":\"\\/data\\/home\\/qyu2039650001\\/htdocs\\/upload\\/0910a0e831659aae210c08606ed0465b.png\",\"raw_name\":\"0910a0e831659aae210c08606ed0465b\",\"orig_name\":\"\\u4e0d\\u671f\\u800c\\u9047logo\\u6700\\u7ec8\\u7a3f-psd-02\\u526f\\u672c.png\",\"client_name\":\"\\u4e0d\\u671f\\u800c\\u9047logo\\u6700\\u7ec8\\u7a3f-psd-02\\u526f\\u672c.png\",\"file_ext\":\".png\",\"file_size\":43.17,\"is_image\":true,\"image_width\":528,\"image_height\":492,\"image_type\":\"png\",\"image_size_str\":\"width=\\\"528\\\" height=\\\"492\\\"\"}', '1', '2015-12-28 23:04:43');
INSERT INTO `order_project` VALUES ('117', '123', '10', '肌底新生美白护理', '90', '398.00', '{\"file_name\":\"0910a0e831659aae210c08606ed0465b.png\",\"file_type\":\"image\\/png\",\"file_path\":\"\\/data\\/home\\/qyu2039650001\\/htdocs\\/upload\\/\",\"full_path\":\"\\/data\\/home\\/qyu2039650001\\/htdocs\\/upload\\/0910a0e831659aae210c08606ed0465b.png\",\"raw_name\":\"0910a0e831659aae210c08606ed0465b\",\"orig_name\":\"\\u4e0d\\u671f\\u800c\\u9047logo\\u6700\\u7ec8\\u7a3f-psd-02\\u526f\\u672c.png\",\"client_name\":\"\\u4e0d\\u671f\\u800c\\u9047logo\\u6700\\u7ec8\\u7a3f-psd-02\\u526f\\u672c.png\",\"file_ext\":\".png\",\"file_size\":43.17,\"is_image\":true,\"image_width\":528,\"image_height\":492,\"image_type\":\"png\",\"image_size_str\":\"width=\\\"528\\\" height=\\\"492\\\"\"}', '1', '2015-12-28 23:04:43');
INSERT INTO `order_project` VALUES ('118', '124', '10', '肌底新生美白护理', '90', '398.00', '{\"file_name\":\"0910a0e831659aae210c08606ed0465b.png\",\"file_type\":\"image\\/png\",\"file_path\":\"\\/data\\/home\\/qyu2039650001\\/htdocs\\/upload\\/\",\"full_path\":\"\\/data\\/home\\/qyu2039650001\\/htdocs\\/upload\\/0910a0e831659aae210c08606ed0465b.png\",\"raw_name\":\"0910a0e831659aae210c08606ed0465b\",\"orig_name\":\"\\u4e0d\\u671f\\u800c\\u9047logo\\u6700\\u7ec8\\u7a3f-psd-02\\u526f\\u672c.png\",\"client_name\":\"\\u4e0d\\u671f\\u800c\\u9047logo\\u6700\\u7ec8\\u7a3f-psd-02\\u526f\\u672c.png\",\"file_ext\":\".png\",\"file_size\":43.17,\"is_image\":true,\"image_width\":528,\"image_height\":492,\"image_type\":\"png\",\"image_size_str\":\"width=\\\"528\\\" height=\\\"492\\\"\"}', '1', '2015-12-28 23:04:43');
INSERT INTO `order_project` VALUES ('119', '125', '10', '肌底新生美白护理', '90', '398.00', '{\"file_name\":\"0910a0e831659aae210c08606ed0465b.png\",\"file_type\":\"image\\/png\",\"file_path\":\"\\/data\\/home\\/qyu2039650001\\/htdocs\\/upload\\/\",\"full_path\":\"\\/data\\/home\\/qyu2039650001\\/htdocs\\/upload\\/0910a0e831659aae210c08606ed0465b.png\",\"raw_name\":\"0910a0e831659aae210c08606ed0465b\",\"orig_name\":\"\\u4e0d\\u671f\\u800c\\u9047logo\\u6700\\u7ec8\\u7a3f-psd-02\\u526f\\u672c.png\",\"client_name\":\"\\u4e0d\\u671f\\u800c\\u9047logo\\u6700\\u7ec8\\u7a3f-psd-02\\u526f\\u672c.png\",\"file_ext\":\".png\",\"file_size\":43.17,\"is_image\":true,\"image_width\":528,\"image_height\":492,\"image_type\":\"png\",\"image_size_str\":\"width=\\\"528\\\" height=\\\"492\\\"\"}', '1', '2015-12-28 23:30:48');
INSERT INTO `order_project` VALUES ('120', '126', '10', '肌底新生美白护理', '90', '398.00', '{\"file_name\":\"0910a0e831659aae210c08606ed0465b.png\",\"file_type\":\"image\\/png\",\"file_path\":\"\\/data\\/home\\/qyu2039650001\\/htdocs\\/upload\\/\",\"full_path\":\"\\/data\\/home\\/qyu2039650001\\/htdocs\\/upload\\/0910a0e831659aae210c08606ed0465b.png\",\"raw_name\":\"0910a0e831659aae210c08606ed0465b\",\"orig_name\":\"\\u4e0d\\u671f\\u800c\\u9047logo\\u6700\\u7ec8\\u7a3f-psd-02\\u526f\\u672c.png\",\"client_name\":\"\\u4e0d\\u671f\\u800c\\u9047logo\\u6700\\u7ec8\\u7a3f-psd-02\\u526f\\u672c.png\",\"file_ext\":\".png\",\"file_size\":43.17,\"is_image\":true,\"image_width\":528,\"image_height\":492,\"image_type\":\"png\",\"image_size_str\":\"width=\\\"528\\\" height=\\\"492\\\"\"}', '1', '2015-12-28 23:30:48');
INSERT INTO `order_project` VALUES ('121', '127', '10', '肌底新生美白护理', '90', '398.00', '{\"file_name\":\"0910a0e831659aae210c08606ed0465b.png\",\"file_type\":\"image\\/png\",\"file_path\":\"\\/data\\/home\\/qyu2039650001\\/htdocs\\/upload\\/\",\"full_path\":\"\\/data\\/home\\/qyu2039650001\\/htdocs\\/upload\\/0910a0e831659aae210c08606ed0465b.png\",\"raw_name\":\"0910a0e831659aae210c08606ed0465b\",\"orig_name\":\"\\u4e0d\\u671f\\u800c\\u9047logo\\u6700\\u7ec8\\u7a3f-psd-02\\u526f\\u672c.png\",\"client_name\":\"\\u4e0d\\u671f\\u800c\\u9047logo\\u6700\\u7ec8\\u7a3f-psd-02\\u526f\\u672c.png\",\"file_ext\":\".png\",\"file_size\":43.17,\"is_image\":true,\"image_width\":528,\"image_height\":492,\"image_type\":\"png\",\"image_size_str\":\"width=\\\"528\\\" height=\\\"492\\\"\"}', '1', '2015-12-28 23:30:48');
INSERT INTO `order_project` VALUES ('122', '128', '10', '肌底新生美白护理', '90', '398.00', '{\"file_name\":\"0910a0e831659aae210c08606ed0465b.png\",\"file_type\":\"image\\/png\",\"file_path\":\"\\/data\\/home\\/qyu2039650001\\/htdocs\\/upload\\/\",\"full_path\":\"\\/data\\/home\\/qyu2039650001\\/htdocs\\/upload\\/0910a0e831659aae210c08606ed0465b.png\",\"raw_name\":\"0910a0e831659aae210c08606ed0465b\",\"orig_name\":\"\\u4e0d\\u671f\\u800c\\u9047logo\\u6700\\u7ec8\\u7a3f-psd-02\\u526f\\u672c.png\",\"client_name\":\"\\u4e0d\\u671f\\u800c\\u9047logo\\u6700\\u7ec8\\u7a3f-psd-02\\u526f\\u672c.png\",\"file_ext\":\".png\",\"file_size\":43.17,\"is_image\":true,\"image_width\":528,\"image_height\":492,\"image_type\":\"png\",\"image_size_str\":\"width=\\\"528\\\" height=\\\"492\\\"\"}', '1', '2015-12-28 23:30:48');
INSERT INTO `order_project` VALUES ('123', '129', '10', '肌底新生美白护理', '90', '398.00', '{\"file_name\":\"0910a0e831659aae210c08606ed0465b.png\",\"file_type\":\"image\\/png\",\"file_path\":\"\\/data\\/home\\/qyu2039650001\\/htdocs\\/upload\\/\",\"full_path\":\"\\/data\\/home\\/qyu2039650001\\/htdocs\\/upload\\/0910a0e831659aae210c08606ed0465b.png\",\"raw_name\":\"0910a0e831659aae210c08606ed0465b\",\"orig_name\":\"\\u4e0d\\u671f\\u800c\\u9047logo\\u6700\\u7ec8\\u7a3f-psd-02\\u526f\\u672c.png\",\"client_name\":\"\\u4e0d\\u671f\\u800c\\u9047logo\\u6700\\u7ec8\\u7a3f-psd-02\\u526f\\u672c.png\",\"file_ext\":\".png\",\"file_size\":43.17,\"is_image\":true,\"image_width\":528,\"image_height\":492,\"image_type\":\"png\",\"image_size_str\":\"width=\\\"528\\\" height=\\\"492\\\"\"}', '1', '2015-12-28 23:31:47');
INSERT INTO `order_project` VALUES ('124', '130', '10', '肌底新生美白护理', '90', '398.00', '{\"file_name\":\"0910a0e831659aae210c08606ed0465b.png\",\"file_type\":\"image\\/png\",\"file_path\":\"\\/data\\/home\\/qyu2039650001\\/htdocs\\/upload\\/\",\"full_path\":\"\\/data\\/home\\/qyu2039650001\\/htdocs\\/upload\\/0910a0e831659aae210c08606ed0465b.png\",\"raw_name\":\"0910a0e831659aae210c08606ed0465b\",\"orig_name\":\"\\u4e0d\\u671f\\u800c\\u9047logo\\u6700\\u7ec8\\u7a3f-psd-02\\u526f\\u672c.png\",\"client_name\":\"\\u4e0d\\u671f\\u800c\\u9047logo\\u6700\\u7ec8\\u7a3f-psd-02\\u526f\\u672c.png\",\"file_ext\":\".png\",\"file_size\":43.17,\"is_image\":true,\"image_width\":528,\"image_height\":492,\"image_type\":\"png\",\"image_size_str\":\"width=\\\"528\\\" height=\\\"492\\\"\"}', '1', '2015-12-29 01:18:14');
INSERT INTO `order_project` VALUES ('125', '131', '10', '肌底新生美白护理', '90', '398.00', '{\"file_name\":\"0910a0e831659aae210c08606ed0465b.png\",\"file_type\":\"image\\/png\",\"file_path\":\"\\/data\\/home\\/qyu2039650001\\/htdocs\\/upload\\/\",\"full_path\":\"\\/data\\/home\\/qyu2039650001\\/htdocs\\/upload\\/0910a0e831659aae210c08606ed0465b.png\",\"raw_name\":\"0910a0e831659aae210c08606ed0465b\",\"orig_name\":\"\\u4e0d\\u671f\\u800c\\u9047logo\\u6700\\u7ec8\\u7a3f-psd-02\\u526f\\u672c.png\",\"client_name\":\"\\u4e0d\\u671f\\u800c\\u9047logo\\u6700\\u7ec8\\u7a3f-psd-02\\u526f\\u672c.png\",\"file_ext\":\".png\",\"file_size\":43.17,\"is_image\":true,\"image_width\":528,\"image_height\":492,\"image_type\":\"png\",\"image_size_str\":\"width=\\\"528\\\" height=\\\"492\\\"\"}', '1', '2015-12-29 01:55:45');
INSERT INTO `order_project` VALUES ('126', '132', '10', '肌底新生美白护理', '90', '398.00', '{\"file_name\":\"0910a0e831659aae210c08606ed0465b.png\",\"file_type\":\"image\\/png\",\"file_path\":\"\\/data\\/home\\/qyu2039650001\\/htdocs\\/upload\\/\",\"full_path\":\"\\/data\\/home\\/qyu2039650001\\/htdocs\\/upload\\/0910a0e831659aae210c08606ed0465b.png\",\"raw_name\":\"0910a0e831659aae210c08606ed0465b\",\"orig_name\":\"\\u4e0d\\u671f\\u800c\\u9047logo\\u6700\\u7ec8\\u7a3f-psd-02\\u526f\\u672c.png\",\"client_name\":\"\\u4e0d\\u671f\\u800c\\u9047logo\\u6700\\u7ec8\\u7a3f-psd-02\\u526f\\u672c.png\",\"file_ext\":\".png\",\"file_size\":43.17,\"is_image\":true,\"image_width\":528,\"image_height\":492,\"image_type\":\"png\",\"image_size_str\":\"width=\\\"528\\\" height=\\\"492\\\"\"}', '1', '2015-12-29 09:17:59');
INSERT INTO `order_project` VALUES ('127', '133', '10', '肌底新生美白护理', '90', '398.00', '{\"file_name\":\"0910a0e831659aae210c08606ed0465b.png\",\"file_type\":\"image\\/png\",\"file_path\":\"\\/data\\/home\\/qyu2039650001\\/htdocs\\/upload\\/\",\"full_path\":\"\\/data\\/home\\/qyu2039650001\\/htdocs\\/upload\\/0910a0e831659aae210c08606ed0465b.png\",\"raw_name\":\"0910a0e831659aae210c08606ed0465b\",\"orig_name\":\"\\u4e0d\\u671f\\u800c\\u9047logo\\u6700\\u7ec8\\u7a3f-psd-02\\u526f\\u672c.png\",\"client_name\":\"\\u4e0d\\u671f\\u800c\\u9047logo\\u6700\\u7ec8\\u7a3f-psd-02\\u526f\\u672c.png\",\"file_ext\":\".png\",\"file_size\":43.17,\"is_image\":true,\"image_width\":528,\"image_height\":492,\"image_type\":\"png\",\"image_size_str\":\"width=\\\"528\\\" height=\\\"492\\\"\"}', '1', '2015-12-29 09:17:59');
INSERT INTO `order_project` VALUES ('128', '134', '10', '肌底新生美白护理', '90', '398.00', '{\"file_name\":\"0910a0e831659aae210c08606ed0465b.png\",\"file_type\":\"image\\/png\",\"file_path\":\"\\/data\\/home\\/qyu2039650001\\/htdocs\\/upload\\/\",\"full_path\":\"\\/data\\/home\\/qyu2039650001\\/htdocs\\/upload\\/0910a0e831659aae210c08606ed0465b.png\",\"raw_name\":\"0910a0e831659aae210c08606ed0465b\",\"orig_name\":\"\\u4e0d\\u671f\\u800c\\u9047logo\\u6700\\u7ec8\\u7a3f-psd-02\\u526f\\u672c.png\",\"client_name\":\"\\u4e0d\\u671f\\u800c\\u9047logo\\u6700\\u7ec8\\u7a3f-psd-02\\u526f\\u672c.png\",\"file_ext\":\".png\",\"file_size\":43.17,\"is_image\":true,\"image_width\":528,\"image_height\":492,\"image_type\":\"png\",\"image_size_str\":\"width=\\\"528\\\" height=\\\"492\\\"\"}', '1', '2015-12-29 09:20:14');
INSERT INTO `order_project` VALUES ('129', '135', '10', '肌底新生美白护理', '90', '398.00', '{\"file_name\":\"0910a0e831659aae210c08606ed0465b.png\",\"file_type\":\"image\\/png\",\"file_path\":\"\\/data\\/home\\/qyu2039650001\\/htdocs\\/upload\\/\",\"full_path\":\"\\/data\\/home\\/qyu2039650001\\/htdocs\\/upload\\/0910a0e831659aae210c08606ed0465b.png\",\"raw_name\":\"0910a0e831659aae210c08606ed0465b\",\"orig_name\":\"\\u4e0d\\u671f\\u800c\\u9047logo\\u6700\\u7ec8\\u7a3f-psd-02\\u526f\\u672c.png\",\"client_name\":\"\\u4e0d\\u671f\\u800c\\u9047logo\\u6700\\u7ec8\\u7a3f-psd-02\\u526f\\u672c.png\",\"file_ext\":\".png\",\"file_size\":43.17,\"is_image\":true,\"image_width\":528,\"image_height\":492,\"image_type\":\"png\",\"image_size_str\":\"width=\\\"528\\\" height=\\\"492\\\"\"}', '1', '2015-12-29 09:20:14');
INSERT INTO `order_project` VALUES ('130', '136', '10', '肌底新生美白护理', '90', '398.00', '{\"file_name\":\"0910a0e831659aae210c08606ed0465b.png\",\"file_type\":\"image\\/png\",\"file_path\":\"\\/data\\/home\\/qyu2039650001\\/htdocs\\/upload\\/\",\"full_path\":\"\\/data\\/home\\/qyu2039650001\\/htdocs\\/upload\\/0910a0e831659aae210c08606ed0465b.png\",\"raw_name\":\"0910a0e831659aae210c08606ed0465b\",\"orig_name\":\"\\u4e0d\\u671f\\u800c\\u9047logo\\u6700\\u7ec8\\u7a3f-psd-02\\u526f\\u672c.png\",\"client_name\":\"\\u4e0d\\u671f\\u800c\\u9047logo\\u6700\\u7ec8\\u7a3f-psd-02\\u526f\\u672c.png\",\"file_ext\":\".png\",\"file_size\":43.17,\"is_image\":true,\"image_width\":528,\"image_height\":492,\"image_type\":\"png\",\"image_size_str\":\"width=\\\"528\\\" height=\\\"492\\\"\"}', '1', '2015-12-29 09:20:14');
INSERT INTO `order_project` VALUES ('131', '137', '10', '肌底新生美白护理', '90', '398.00', '{\"file_name\":\"0910a0e831659aae210c08606ed0465b.png\",\"file_type\":\"image\\/png\",\"file_path\":\"\\/data\\/home\\/qyu2039650001\\/htdocs\\/upload\\/\",\"full_path\":\"\\/data\\/home\\/qyu2039650001\\/htdocs\\/upload\\/0910a0e831659aae210c08606ed0465b.png\",\"raw_name\":\"0910a0e831659aae210c08606ed0465b\",\"orig_name\":\"\\u4e0d\\u671f\\u800c\\u9047logo\\u6700\\u7ec8\\u7a3f-psd-02\\u526f\\u672c.png\",\"client_name\":\"\\u4e0d\\u671f\\u800c\\u9047logo\\u6700\\u7ec8\\u7a3f-psd-02\\u526f\\u672c.png\",\"file_ext\":\".png\",\"file_size\":43.17,\"is_image\":true,\"image_width\":528,\"image_height\":492,\"image_type\":\"png\",\"image_size_str\":\"width=\\\"528\\\" height=\\\"492\\\"\"}', '1', '2015-12-29 09:21:07');
INSERT INTO `order_project` VALUES ('132', '138', '10', '肌底新生美白护理', '90', '398.00', '{\"file_name\":\"0910a0e831659aae210c08606ed0465b.png\",\"file_type\":\"image\\/png\",\"file_path\":\"\\/data\\/home\\/qyu2039650001\\/htdocs\\/upload\\/\",\"full_path\":\"\\/data\\/home\\/qyu2039650001\\/htdocs\\/upload\\/0910a0e831659aae210c08606ed0465b.png\",\"raw_name\":\"0910a0e831659aae210c08606ed0465b\",\"orig_name\":\"\\u4e0d\\u671f\\u800c\\u9047logo\\u6700\\u7ec8\\u7a3f-psd-02\\u526f\\u672c.png\",\"client_name\":\"\\u4e0d\\u671f\\u800c\\u9047logo\\u6700\\u7ec8\\u7a3f-psd-02\\u526f\\u672c.png\",\"file_ext\":\".png\",\"file_size\":43.17,\"is_image\":true,\"image_width\":528,\"image_height\":492,\"image_type\":\"png\",\"image_size_str\":\"width=\\\"528\\\" height=\\\"492\\\"\"}', '1', '2015-12-29 09:21:10');
INSERT INTO `order_project` VALUES ('133', '139', '10', '肌底新生美白护理', '90', '398.00', '{\"file_name\":\"0910a0e831659aae210c08606ed0465b.png\",\"file_type\":\"image\\/png\",\"file_path\":\"\\/data\\/home\\/qyu2039650001\\/htdocs\\/upload\\/\",\"full_path\":\"\\/data\\/home\\/qyu2039650001\\/htdocs\\/upload\\/0910a0e831659aae210c08606ed0465b.png\",\"raw_name\":\"0910a0e831659aae210c08606ed0465b\",\"orig_name\":\"\\u4e0d\\u671f\\u800c\\u9047logo\\u6700\\u7ec8\\u7a3f-psd-02\\u526f\\u672c.png\",\"client_name\":\"\\u4e0d\\u671f\\u800c\\u9047logo\\u6700\\u7ec8\\u7a3f-psd-02\\u526f\\u672c.png\",\"file_ext\":\".png\",\"file_size\":43.17,\"is_image\":true,\"image_width\":528,\"image_height\":492,\"image_type\":\"png\",\"image_size_str\":\"width=\\\"528\\\" height=\\\"492\\\"\"}', '1', '2015-12-29 09:21:13');
INSERT INTO `order_project` VALUES ('134', '140', '10', '肌底新生美白护理', '90', '398.00', '{\"file_name\":\"0910a0e831659aae210c08606ed0465b.png\",\"file_type\":\"image\\/png\",\"file_path\":\"\\/data\\/home\\/qyu2039650001\\/htdocs\\/upload\\/\",\"full_path\":\"\\/data\\/home\\/qyu2039650001\\/htdocs\\/upload\\/0910a0e831659aae210c08606ed0465b.png\",\"raw_name\":\"0910a0e831659aae210c08606ed0465b\",\"orig_name\":\"\\u4e0d\\u671f\\u800c\\u9047logo\\u6700\\u7ec8\\u7a3f-psd-02\\u526f\\u672c.png\",\"client_name\":\"\\u4e0d\\u671f\\u800c\\u9047logo\\u6700\\u7ec8\\u7a3f-psd-02\\u526f\\u672c.png\",\"file_ext\":\".png\",\"file_size\":43.17,\"is_image\":true,\"image_width\":528,\"image_height\":492,\"image_type\":\"png\",\"image_size_str\":\"width=\\\"528\\\" height=\\\"492\\\"\"}', '1', '2015-12-29 09:21:15');
INSERT INTO `order_project` VALUES ('135', '141', '10', '肌底新生美白护理', '90', '398.00', '{\"file_name\":\"0910a0e831659aae210c08606ed0465b.png\",\"file_type\":\"image\\/png\",\"file_path\":\"\\/data\\/home\\/qyu2039650001\\/htdocs\\/upload\\/\",\"full_path\":\"\\/data\\/home\\/qyu2039650001\\/htdocs\\/upload\\/0910a0e831659aae210c08606ed0465b.png\",\"raw_name\":\"0910a0e831659aae210c08606ed0465b\",\"orig_name\":\"\\u4e0d\\u671f\\u800c\\u9047logo\\u6700\\u7ec8\\u7a3f-psd-02\\u526f\\u672c.png\",\"client_name\":\"\\u4e0d\\u671f\\u800c\\u9047logo\\u6700\\u7ec8\\u7a3f-psd-02\\u526f\\u672c.png\",\"file_ext\":\".png\",\"file_size\":43.17,\"is_image\":true,\"image_width\":528,\"image_height\":492,\"image_type\":\"png\",\"image_size_str\":\"width=\\\"528\\\" height=\\\"492\\\"\"}', '1', '2015-12-29 09:21:18');
INSERT INTO `order_project` VALUES ('136', '142', '10', '肌底新生美白护理', '90', '398.00', '{\"file_name\":\"0910a0e831659aae210c08606ed0465b.png\",\"file_type\":\"image\\/png\",\"file_path\":\"\\/data\\/home\\/qyu2039650001\\/htdocs\\/upload\\/\",\"full_path\":\"\\/data\\/home\\/qyu2039650001\\/htdocs\\/upload\\/0910a0e831659aae210c08606ed0465b.png\",\"raw_name\":\"0910a0e831659aae210c08606ed0465b\",\"orig_name\":\"\\u4e0d\\u671f\\u800c\\u9047logo\\u6700\\u7ec8\\u7a3f-psd-02\\u526f\\u672c.png\",\"client_name\":\"\\u4e0d\\u671f\\u800c\\u9047logo\\u6700\\u7ec8\\u7a3f-psd-02\\u526f\\u672c.png\",\"file_ext\":\".png\",\"file_size\":43.17,\"is_image\":true,\"image_width\":528,\"image_height\":492,\"image_type\":\"png\",\"image_size_str\":\"width=\\\"528\\\" height=\\\"492\\\"\"}', '1', '2015-12-29 09:22:21');
INSERT INTO `order_project` VALUES ('137', '143', '10', '肌底新生美白护理', '90', '398.00', '{\"file_name\":\"0910a0e831659aae210c08606ed0465b.png\",\"file_type\":\"image\\/png\",\"file_path\":\"\\/data\\/home\\/qyu2039650001\\/htdocs\\/upload\\/\",\"full_path\":\"\\/data\\/home\\/qyu2039650001\\/htdocs\\/upload\\/0910a0e831659aae210c08606ed0465b.png\",\"raw_name\":\"0910a0e831659aae210c08606ed0465b\",\"orig_name\":\"\\u4e0d\\u671f\\u800c\\u9047logo\\u6700\\u7ec8\\u7a3f-psd-02\\u526f\\u672c.png\",\"client_name\":\"\\u4e0d\\u671f\\u800c\\u9047logo\\u6700\\u7ec8\\u7a3f-psd-02\\u526f\\u672c.png\",\"file_ext\":\".png\",\"file_size\":43.17,\"is_image\":true,\"image_width\":528,\"image_height\":492,\"image_type\":\"png\",\"image_size_str\":\"width=\\\"528\\\" height=\\\"492\\\"\"}', '1', '2015-12-29 13:35:45');
INSERT INTO `order_project` VALUES ('138', '144', '10', '肌底新生美白护理', '90', '398.00', '{\"file_name\":\"0910a0e831659aae210c08606ed0465b.png\",\"file_type\":\"image\\/png\",\"file_path\":\"\\/data\\/home\\/qyu2039650001\\/htdocs\\/upload\\/\",\"full_path\":\"\\/data\\/home\\/qyu2039650001\\/htdocs\\/upload\\/0910a0e831659aae210c08606ed0465b.png\",\"raw_name\":\"0910a0e831659aae210c08606ed0465b\",\"orig_name\":\"\\u4e0d\\u671f\\u800c\\u9047logo\\u6700\\u7ec8\\u7a3f-psd-02\\u526f\\u672c.png\",\"client_name\":\"\\u4e0d\\u671f\\u800c\\u9047logo\\u6700\\u7ec8\\u7a3f-psd-02\\u526f\\u672c.png\",\"file_ext\":\".png\",\"file_size\":43.17,\"is_image\":true,\"image_width\":528,\"image_height\":492,\"image_type\":\"png\",\"image_size_str\":\"width=\\\"528\\\" height=\\\"492\\\"\"}', '1', '2015-12-29 13:47:58');
INSERT INTO `order_project` VALUES ('139', '145', '10', '肌底新生美白护理', '90', '398.00', '{\"file_name\":\"0910a0e831659aae210c08606ed0465b.png\",\"file_type\":\"image\\/png\",\"file_path\":\"\\/data\\/home\\/qyu2039650001\\/htdocs\\/upload\\/\",\"full_path\":\"\\/data\\/home\\/qyu2039650001\\/htdocs\\/upload\\/0910a0e831659aae210c08606ed0465b.png\",\"raw_name\":\"0910a0e831659aae210c08606ed0465b\",\"orig_name\":\"\\u4e0d\\u671f\\u800c\\u9047logo\\u6700\\u7ec8\\u7a3f-psd-02\\u526f\\u672c.png\",\"client_name\":\"\\u4e0d\\u671f\\u800c\\u9047logo\\u6700\\u7ec8\\u7a3f-psd-02\\u526f\\u672c.png\",\"file_ext\":\".png\",\"file_size\":43.17,\"is_image\":true,\"image_width\":528,\"image_height\":492,\"image_type\":\"png\",\"image_size_str\":\"width=\\\"528\\\" height=\\\"492\\\"\"}', '1', '2015-12-29 13:50:38');
INSERT INTO `order_project` VALUES ('140', '146', '10', '肌底新生美白护理', '90', '398.00', '{\"file_name\":\"0910a0e831659aae210c08606ed0465b.png\",\"file_type\":\"image\\/png\",\"file_path\":\"\\/data\\/home\\/qyu2039650001\\/htdocs\\/upload\\/\",\"full_path\":\"\\/data\\/home\\/qyu2039650001\\/htdocs\\/upload\\/0910a0e831659aae210c08606ed0465b.png\",\"raw_name\":\"0910a0e831659aae210c08606ed0465b\",\"orig_name\":\"\\u4e0d\\u671f\\u800c\\u9047logo\\u6700\\u7ec8\\u7a3f-psd-02\\u526f\\u672c.png\",\"client_name\":\"\\u4e0d\\u671f\\u800c\\u9047logo\\u6700\\u7ec8\\u7a3f-psd-02\\u526f\\u672c.png\",\"file_ext\":\".png\",\"file_size\":43.17,\"is_image\":true,\"image_width\":528,\"image_height\":492,\"image_type\":\"png\",\"image_size_str\":\"width=\\\"528\\\" height=\\\"492\\\"\"}', '1', '2015-12-29 16:10:59');
INSERT INTO `order_project` VALUES ('141', '147', '10', '肌底新生美白护理', '90', '398.00', '{\"file_name\":\"0910a0e831659aae210c08606ed0465b.png\",\"file_type\":\"image\\/png\",\"file_path\":\"\\/data\\/home\\/qyu2039650001\\/htdocs\\/upload\\/\",\"full_path\":\"\\/data\\/home\\/qyu2039650001\\/htdocs\\/upload\\/0910a0e831659aae210c08606ed0465b.png\",\"raw_name\":\"0910a0e831659aae210c08606ed0465b\",\"orig_name\":\"\\u4e0d\\u671f\\u800c\\u9047logo\\u6700\\u7ec8\\u7a3f-psd-02\\u526f\\u672c.png\",\"client_name\":\"\\u4e0d\\u671f\\u800c\\u9047logo\\u6700\\u7ec8\\u7a3f-psd-02\\u526f\\u672c.png\",\"file_ext\":\".png\",\"file_size\":43.17,\"is_image\":true,\"image_width\":528,\"image_height\":492,\"image_type\":\"png\",\"image_size_str\":\"width=\\\"528\\\" height=\\\"492\\\"\"}', '1', '2015-12-29 16:10:59');
INSERT INTO `order_project` VALUES ('142', '148', '10', '肌底新生美白护理', '90', '398.00', '{\"file_name\":\"0910a0e831659aae210c08606ed0465b.png\",\"file_type\":\"image\\/png\",\"file_path\":\"\\/data\\/home\\/qyu2039650001\\/htdocs\\/upload\\/\",\"full_path\":\"\\/data\\/home\\/qyu2039650001\\/htdocs\\/upload\\/0910a0e831659aae210c08606ed0465b.png\",\"raw_name\":\"0910a0e831659aae210c08606ed0465b\",\"orig_name\":\"\\u4e0d\\u671f\\u800c\\u9047logo\\u6700\\u7ec8\\u7a3f-psd-02\\u526f\\u672c.png\",\"client_name\":\"\\u4e0d\\u671f\\u800c\\u9047logo\\u6700\\u7ec8\\u7a3f-psd-02\\u526f\\u672c.png\",\"file_ext\":\".png\",\"file_size\":43.17,\"is_image\":true,\"image_width\":528,\"image_height\":492,\"image_type\":\"png\",\"image_size_str\":\"width=\\\"528\\\" height=\\\"492\\\"\"}', '1', '2015-12-29 16:10:59');
INSERT INTO `order_project` VALUES ('143', '149', '10', '肌底新生美白护理', '90', '398.00', '{\"file_name\":\"0910a0e831659aae210c08606ed0465b.png\",\"file_type\":\"image\\/png\",\"file_path\":\"\\/data\\/home\\/qyu2039650001\\/htdocs\\/upload\\/\",\"full_path\":\"\\/data\\/home\\/qyu2039650001\\/htdocs\\/upload\\/0910a0e831659aae210c08606ed0465b.png\",\"raw_name\":\"0910a0e831659aae210c08606ed0465b\",\"orig_name\":\"\\u4e0d\\u671f\\u800c\\u9047logo\\u6700\\u7ec8\\u7a3f-psd-02\\u526f\\u672c.png\",\"client_name\":\"\\u4e0d\\u671f\\u800c\\u9047logo\\u6700\\u7ec8\\u7a3f-psd-02\\u526f\\u672c.png\",\"file_ext\":\".png\",\"file_size\":43.17,\"is_image\":true,\"image_width\":528,\"image_height\":492,\"image_type\":\"png\",\"image_size_str\":\"width=\\\"528\\\" height=\\\"492\\\"\"}', '1', '2015-12-29 16:10:59');
INSERT INTO `order_project` VALUES ('144', '150', '10', '肌底新生美白护理', '90', '398.00', '{\"file_name\":\"0910a0e831659aae210c08606ed0465b.png\",\"file_type\":\"image\\/png\",\"file_path\":\"\\/data\\/home\\/qyu2039650001\\/htdocs\\/upload\\/\",\"full_path\":\"\\/data\\/home\\/qyu2039650001\\/htdocs\\/upload\\/0910a0e831659aae210c08606ed0465b.png\",\"raw_name\":\"0910a0e831659aae210c08606ed0465b\",\"orig_name\":\"\\u4e0d\\u671f\\u800c\\u9047logo\\u6700\\u7ec8\\u7a3f-psd-02\\u526f\\u672c.png\",\"client_name\":\"\\u4e0d\\u671f\\u800c\\u9047logo\\u6700\\u7ec8\\u7a3f-psd-02\\u526f\\u672c.png\",\"file_ext\":\".png\",\"file_size\":43.17,\"is_image\":true,\"image_width\":528,\"image_height\":492,\"image_type\":\"png\",\"image_size_str\":\"width=\\\"528\\\" height=\\\"492\\\"\"}', '1', '2015-12-29 16:10:59');
INSERT INTO `order_project` VALUES ('145', '151', '10', '肌底新生美白护理', '90', '398.00', '{\"file_name\":\"0910a0e831659aae210c08606ed0465b.png\",\"file_type\":\"image\\/png\",\"file_path\":\"\\/data\\/home\\/qyu2039650001\\/htdocs\\/upload\\/\",\"full_path\":\"\\/data\\/home\\/qyu2039650001\\/htdocs\\/upload\\/0910a0e831659aae210c08606ed0465b.png\",\"raw_name\":\"0910a0e831659aae210c08606ed0465b\",\"orig_name\":\"\\u4e0d\\u671f\\u800c\\u9047logo\\u6700\\u7ec8\\u7a3f-psd-02\\u526f\\u672c.png\",\"client_name\":\"\\u4e0d\\u671f\\u800c\\u9047logo\\u6700\\u7ec8\\u7a3f-psd-02\\u526f\\u672c.png\",\"file_ext\":\".png\",\"file_size\":43.17,\"is_image\":true,\"image_width\":528,\"image_height\":492,\"image_type\":\"png\",\"image_size_str\":\"width=\\\"528\\\" height=\\\"492\\\"\"}', '1', '2015-12-29 22:59:20');
INSERT INTO `order_project` VALUES ('146', '152', '10', '肌底新生美白护理', '90', '398.00', '{\"file_name\":\"0910a0e831659aae210c08606ed0465b.png\",\"file_type\":\"image\\/png\",\"file_path\":\"\\/data\\/home\\/qyu2039650001\\/htdocs\\/upload\\/\",\"full_path\":\"\\/data\\/home\\/qyu2039650001\\/htdocs\\/upload\\/0910a0e831659aae210c08606ed0465b.png\",\"raw_name\":\"0910a0e831659aae210c08606ed0465b\",\"orig_name\":\"\\u4e0d\\u671f\\u800c\\u9047logo\\u6700\\u7ec8\\u7a3f-psd-02\\u526f\\u672c.png\",\"client_name\":\"\\u4e0d\\u671f\\u800c\\u9047logo\\u6700\\u7ec8\\u7a3f-psd-02\\u526f\\u672c.png\",\"file_ext\":\".png\",\"file_size\":43.17,\"is_image\":true,\"image_width\":528,\"image_height\":492,\"image_type\":\"png\",\"image_size_str\":\"width=\\\"528\\\" height=\\\"492\\\"\"}', '1', '2015-12-30 00:14:12');
INSERT INTO `order_project` VALUES ('147', '153', '10', '肌底新生美白护理', '90', '398.00', '{\"file_name\":\"0910a0e831659aae210c08606ed0465b.png\",\"file_type\":\"image\\/png\",\"file_path\":\"\\/data\\/home\\/qyu2039650001\\/htdocs\\/upload\\/\",\"full_path\":\"\\/data\\/home\\/qyu2039650001\\/htdocs\\/upload\\/0910a0e831659aae210c08606ed0465b.png\",\"raw_name\":\"0910a0e831659aae210c08606ed0465b\",\"orig_name\":\"\\u4e0d\\u671f\\u800c\\u9047logo\\u6700\\u7ec8\\u7a3f-psd-02\\u526f\\u672c.png\",\"client_name\":\"\\u4e0d\\u671f\\u800c\\u9047logo\\u6700\\u7ec8\\u7a3f-psd-02\\u526f\\u672c.png\",\"file_ext\":\".png\",\"file_size\":43.17,\"is_image\":true,\"image_width\":528,\"image_height\":492,\"image_type\":\"png\",\"image_size_str\":\"width=\\\"528\\\" height=\\\"492\\\"\"}', '1', '2015-12-30 00:14:43');
INSERT INTO `order_project` VALUES ('148', '154', '10', '肌底新生美白护理', '90', '398.00', '{\"file_name\":\"0910a0e831659aae210c08606ed0465b.png\",\"file_type\":\"image\\/png\",\"file_path\":\"\\/data\\/home\\/qyu2039650001\\/htdocs\\/upload\\/\",\"full_path\":\"\\/data\\/home\\/qyu2039650001\\/htdocs\\/upload\\/0910a0e831659aae210c08606ed0465b.png\",\"raw_name\":\"0910a0e831659aae210c08606ed0465b\",\"orig_name\":\"\\u4e0d\\u671f\\u800c\\u9047logo\\u6700\\u7ec8\\u7a3f-psd-02\\u526f\\u672c.png\",\"client_name\":\"\\u4e0d\\u671f\\u800c\\u9047logo\\u6700\\u7ec8\\u7a3f-psd-02\\u526f\\u672c.png\",\"file_ext\":\".png\",\"file_size\":43.17,\"is_image\":true,\"image_width\":528,\"image_height\":492,\"image_type\":\"png\",\"image_size_str\":\"width=\\\"528\\\" height=\\\"492\\\"\"}', '1', '2015-12-30 00:15:23');
INSERT INTO `order_project` VALUES ('149', '155', '10', '肌底新生美白护理', '90', '398.00', '{\"file_name\":\"0910a0e831659aae210c08606ed0465b.png\",\"file_type\":\"image\\/png\",\"file_path\":\"\\/data\\/home\\/qyu2039650001\\/htdocs\\/upload\\/\",\"full_path\":\"\\/data\\/home\\/qyu2039650001\\/htdocs\\/upload\\/0910a0e831659aae210c08606ed0465b.png\",\"raw_name\":\"0910a0e831659aae210c08606ed0465b\",\"orig_name\":\"\\u4e0d\\u671f\\u800c\\u9047logo\\u6700\\u7ec8\\u7a3f-psd-02\\u526f\\u672c.png\",\"client_name\":\"\\u4e0d\\u671f\\u800c\\u9047logo\\u6700\\u7ec8\\u7a3f-psd-02\\u526f\\u672c.png\",\"file_ext\":\".png\",\"file_size\":43.17,\"is_image\":true,\"image_width\":528,\"image_height\":492,\"image_type\":\"png\",\"image_size_str\":\"width=\\\"528\\\" height=\\\"492\\\"\"}', '1', '2015-12-30 00:16:16');
INSERT INTO `order_project` VALUES ('150', '156', '10', '肌底新生美白护理', '90', '398.00', '{\"file_name\":\"0910a0e831659aae210c08606ed0465b.png\",\"file_type\":\"image\\/png\",\"file_path\":\"\\/data\\/home\\/qyu2039650001\\/htdocs\\/upload\\/\",\"full_path\":\"\\/data\\/home\\/qyu2039650001\\/htdocs\\/upload\\/0910a0e831659aae210c08606ed0465b.png\",\"raw_name\":\"0910a0e831659aae210c08606ed0465b\",\"orig_name\":\"\\u4e0d\\u671f\\u800c\\u9047logo\\u6700\\u7ec8\\u7a3f-psd-02\\u526f\\u672c.png\",\"client_name\":\"\\u4e0d\\u671f\\u800c\\u9047logo\\u6700\\u7ec8\\u7a3f-psd-02\\u526f\\u672c.png\",\"file_ext\":\".png\",\"file_size\":43.17,\"is_image\":true,\"image_width\":528,\"image_height\":492,\"image_type\":\"png\",\"image_size_str\":\"width=\\\"528\\\" height=\\\"492\\\"\"}', '1', '2015-12-30 00:17:32');
INSERT INTO `order_project` VALUES ('151', '157', '10', '肌底新生美白护理', '90', '398.00', '{\"file_name\":\"0910a0e831659aae210c08606ed0465b.png\",\"file_type\":\"image\\/png\",\"file_path\":\"\\/data\\/home\\/qyu2039650001\\/htdocs\\/upload\\/\",\"full_path\":\"\\/data\\/home\\/qyu2039650001\\/htdocs\\/upload\\/0910a0e831659aae210c08606ed0465b.png\",\"raw_name\":\"0910a0e831659aae210c08606ed0465b\",\"orig_name\":\"\\u4e0d\\u671f\\u800c\\u9047logo\\u6700\\u7ec8\\u7a3f-psd-02\\u526f\\u672c.png\",\"client_name\":\"\\u4e0d\\u671f\\u800c\\u9047logo\\u6700\\u7ec8\\u7a3f-psd-02\\u526f\\u672c.png\",\"file_ext\":\".png\",\"file_size\":43.17,\"is_image\":true,\"image_width\":528,\"image_height\":492,\"image_type\":\"png\",\"image_size_str\":\"width=\\\"528\\\" height=\\\"492\\\"\"}', '1', '2015-12-30 00:21:09');
INSERT INTO `order_project` VALUES ('152', '158', '10', '肌底新生美白护理', '90', '398.00', '{\"file_name\":\"0910a0e831659aae210c08606ed0465b.png\",\"file_type\":\"image\\/png\",\"file_path\":\"\\/data\\/home\\/qyu2039650001\\/htdocs\\/upload\\/\",\"full_path\":\"\\/data\\/home\\/qyu2039650001\\/htdocs\\/upload\\/0910a0e831659aae210c08606ed0465b.png\",\"raw_name\":\"0910a0e831659aae210c08606ed0465b\",\"orig_name\":\"\\u4e0d\\u671f\\u800c\\u9047logo\\u6700\\u7ec8\\u7a3f-psd-02\\u526f\\u672c.png\",\"client_name\":\"\\u4e0d\\u671f\\u800c\\u9047logo\\u6700\\u7ec8\\u7a3f-psd-02\\u526f\\u672c.png\",\"file_ext\":\".png\",\"file_size\":43.17,\"is_image\":true,\"image_width\":528,\"image_height\":492,\"image_type\":\"png\",\"image_size_str\":\"width=\\\"528\\\" height=\\\"492\\\"\"}', '1', '2015-12-30 00:22:07');
INSERT INTO `order_project` VALUES ('153', '159', '10', '肌底新生美白护理', '90', '398.00', '{\"file_name\":\"0910a0e831659aae210c08606ed0465b.png\",\"file_type\":\"image\\/png\",\"file_path\":\"\\/data\\/home\\/qyu2039650001\\/htdocs\\/upload\\/\",\"full_path\":\"\\/data\\/home\\/qyu2039650001\\/htdocs\\/upload\\/0910a0e831659aae210c08606ed0465b.png\",\"raw_name\":\"0910a0e831659aae210c08606ed0465b\",\"orig_name\":\"\\u4e0d\\u671f\\u800c\\u9047logo\\u6700\\u7ec8\\u7a3f-psd-02\\u526f\\u672c.png\",\"client_name\":\"\\u4e0d\\u671f\\u800c\\u9047logo\\u6700\\u7ec8\\u7a3f-psd-02\\u526f\\u672c.png\",\"file_ext\":\".png\",\"file_size\":43.17,\"is_image\":true,\"image_width\":528,\"image_height\":492,\"image_type\":\"png\",\"image_size_str\":\"width=\\\"528\\\" height=\\\"492\\\"\"}', '1', '2015-12-30 00:23:56');
INSERT INTO `order_project` VALUES ('154', '160', '10', '肌底新生美白护理', '90', '398.00', '{\"file_name\":\"0910a0e831659aae210c08606ed0465b.png\",\"file_type\":\"image\\/png\",\"file_path\":\"\\/data\\/home\\/qyu2039650001\\/htdocs\\/upload\\/\",\"full_path\":\"\\/data\\/home\\/qyu2039650001\\/htdocs\\/upload\\/0910a0e831659aae210c08606ed0465b.png\",\"raw_name\":\"0910a0e831659aae210c08606ed0465b\",\"orig_name\":\"\\u4e0d\\u671f\\u800c\\u9047logo\\u6700\\u7ec8\\u7a3f-psd-02\\u526f\\u672c.png\",\"client_name\":\"\\u4e0d\\u671f\\u800c\\u9047logo\\u6700\\u7ec8\\u7a3f-psd-02\\u526f\\u672c.png\",\"file_ext\":\".png\",\"file_size\":43.17,\"is_image\":true,\"image_width\":528,\"image_height\":492,\"image_type\":\"png\",\"image_size_str\":\"width=\\\"528\\\" height=\\\"492\\\"\"}', '1', '2015-12-30 00:24:57');
INSERT INTO `order_project` VALUES ('155', '161', '10', '肌底新生美白护理', '90', '398.00', '{\"file_name\":\"0910a0e831659aae210c08606ed0465b.png\",\"file_type\":\"image\\/png\",\"file_path\":\"\\/data\\/home\\/qyu2039650001\\/htdocs\\/upload\\/\",\"full_path\":\"\\/data\\/home\\/qyu2039650001\\/htdocs\\/upload\\/0910a0e831659aae210c08606ed0465b.png\",\"raw_name\":\"0910a0e831659aae210c08606ed0465b\",\"orig_name\":\"\\u4e0d\\u671f\\u800c\\u9047logo\\u6700\\u7ec8\\u7a3f-psd-02\\u526f\\u672c.png\",\"client_name\":\"\\u4e0d\\u671f\\u800c\\u9047logo\\u6700\\u7ec8\\u7a3f-psd-02\\u526f\\u672c.png\",\"file_ext\":\".png\",\"file_size\":43.17,\"is_image\":true,\"image_width\":528,\"image_height\":492,\"image_type\":\"png\",\"image_size_str\":\"width=\\\"528\\\" height=\\\"492\\\"\"}', '1', '2015-12-30 00:25:46');
INSERT INTO `order_project` VALUES ('156', '162', '10', '肌底新生美白护理', '90', '398.00', '{\"file_name\":\"0910a0e831659aae210c08606ed0465b.png\",\"file_type\":\"image\\/png\",\"file_path\":\"\\/data\\/home\\/qyu2039650001\\/htdocs\\/upload\\/\",\"full_path\":\"\\/data\\/home\\/qyu2039650001\\/htdocs\\/upload\\/0910a0e831659aae210c08606ed0465b.png\",\"raw_name\":\"0910a0e831659aae210c08606ed0465b\",\"orig_name\":\"\\u4e0d\\u671f\\u800c\\u9047logo\\u6700\\u7ec8\\u7a3f-psd-02\\u526f\\u672c.png\",\"client_name\":\"\\u4e0d\\u671f\\u800c\\u9047logo\\u6700\\u7ec8\\u7a3f-psd-02\\u526f\\u672c.png\",\"file_ext\":\".png\",\"file_size\":43.17,\"is_image\":true,\"image_width\":528,\"image_height\":492,\"image_type\":\"png\",\"image_size_str\":\"width=\\\"528\\\" height=\\\"492\\\"\"}', '1', '2015-12-30 00:26:11');
INSERT INTO `order_project` VALUES ('157', '163', '10', '肌底新生美白护理', '90', '398.00', '{\"file_name\":\"0910a0e831659aae210c08606ed0465b.png\",\"file_type\":\"image\\/png\",\"file_path\":\"\\/data\\/home\\/qyu2039650001\\/htdocs\\/upload\\/\",\"full_path\":\"\\/data\\/home\\/qyu2039650001\\/htdocs\\/upload\\/0910a0e831659aae210c08606ed0465b.png\",\"raw_name\":\"0910a0e831659aae210c08606ed0465b\",\"orig_name\":\"\\u4e0d\\u671f\\u800c\\u9047logo\\u6700\\u7ec8\\u7a3f-psd-02\\u526f\\u672c.png\",\"client_name\":\"\\u4e0d\\u671f\\u800c\\u9047logo\\u6700\\u7ec8\\u7a3f-psd-02\\u526f\\u672c.png\",\"file_ext\":\".png\",\"file_size\":43.17,\"is_image\":true,\"image_width\":528,\"image_height\":492,\"image_type\":\"png\",\"image_size_str\":\"width=\\\"528\\\" height=\\\"492\\\"\"}', '1', '2015-12-30 00:28:33');
INSERT INTO `order_project` VALUES ('158', '164', '10', '肌底新生美白护理', '90', '398.00', '{\"file_name\":\"0910a0e831659aae210c08606ed0465b.png\",\"file_type\":\"image\\/png\",\"file_path\":\"\\/data\\/home\\/qyu2039650001\\/htdocs\\/upload\\/\",\"full_path\":\"\\/data\\/home\\/qyu2039650001\\/htdocs\\/upload\\/0910a0e831659aae210c08606ed0465b.png\",\"raw_name\":\"0910a0e831659aae210c08606ed0465b\",\"orig_name\":\"\\u4e0d\\u671f\\u800c\\u9047logo\\u6700\\u7ec8\\u7a3f-psd-02\\u526f\\u672c.png\",\"client_name\":\"\\u4e0d\\u671f\\u800c\\u9047logo\\u6700\\u7ec8\\u7a3f-psd-02\\u526f\\u672c.png\",\"file_ext\":\".png\",\"file_size\":43.17,\"is_image\":true,\"image_width\":528,\"image_height\":492,\"image_type\":\"png\",\"image_size_str\":\"width=\\\"528\\\" height=\\\"492\\\"\"}', '1', '2015-12-30 00:29:45');
INSERT INTO `order_project` VALUES ('159', '165', '10', '肌底新生美白护理(测试)', '90', '0.01', '{\"file_name\":\"0910a0e831659aae210c08606ed0465b.png\",\"file_type\":\"image\\/png\",\"file_path\":\"\\/data\\/home\\/qyu2039650001\\/htdocs\\/upload\\/\",\"full_path\":\"\\/data\\/home\\/qyu2039650001\\/htdocs\\/upload\\/0910a0e831659aae210c08606ed0465b.png\",\"raw_name\":\"0910a0e831659aae210c08606ed0465b\",\"orig_name\":\"\\u4e0d\\u671f\\u800c\\u9047logo\\u6700\\u7ec8\\u7a3f-psd-02\\u526f\\u672c.png\",\"client_name\":\"\\u4e0d\\u671f\\u800c\\u9047logo\\u6700\\u7ec8\\u7a3f-psd-02\\u526f\\u672c.png\",\"file_ext\":\".png\",\"file_size\":43.17,\"is_image\":true,\"image_width\":528,\"image_height\":492,\"image_type\":\"png\",\"image_size_str\":\"width=\\\"528\\\" height=\\\"492\\\"\"}', '1', '2015-12-30 00:31:32');
INSERT INTO `order_project` VALUES ('160', '166', '10', '肌底新生美白护理(测试)', '90', '0.01', '{\"file_name\":\"0910a0e831659aae210c08606ed0465b.png\",\"file_type\":\"image\\/png\",\"file_path\":\"\\/data\\/home\\/qyu2039650001\\/htdocs\\/upload\\/\",\"full_path\":\"\\/data\\/home\\/qyu2039650001\\/htdocs\\/upload\\/0910a0e831659aae210c08606ed0465b.png\",\"raw_name\":\"0910a0e831659aae210c08606ed0465b\",\"orig_name\":\"\\u4e0d\\u671f\\u800c\\u9047logo\\u6700\\u7ec8\\u7a3f-psd-02\\u526f\\u672c.png\",\"client_name\":\"\\u4e0d\\u671f\\u800c\\u9047logo\\u6700\\u7ec8\\u7a3f-psd-02\\u526f\\u672c.png\",\"file_ext\":\".png\",\"file_size\":43.17,\"is_image\":true,\"image_width\":528,\"image_height\":492,\"image_type\":\"png\",\"image_size_str\":\"width=\\\"528\\\" height=\\\"492\\\"\"}', '1', '2015-12-30 00:35:19');
INSERT INTO `order_project` VALUES ('161', '167', '10', '肌底新生美白护理(测试)', '90', '0.01', '{\"file_name\":\"0910a0e831659aae210c08606ed0465b.png\",\"file_type\":\"image\\/png\",\"file_path\":\"\\/data\\/home\\/qyu2039650001\\/htdocs\\/upload\\/\",\"full_path\":\"\\/data\\/home\\/qyu2039650001\\/htdocs\\/upload\\/0910a0e831659aae210c08606ed0465b.png\",\"raw_name\":\"0910a0e831659aae210c08606ed0465b\",\"orig_name\":\"\\u4e0d\\u671f\\u800c\\u9047logo\\u6700\\u7ec8\\u7a3f-psd-02\\u526f\\u672c.png\",\"client_name\":\"\\u4e0d\\u671f\\u800c\\u9047logo\\u6700\\u7ec8\\u7a3f-psd-02\\u526f\\u672c.png\",\"file_ext\":\".png\",\"file_size\":43.17,\"is_image\":true,\"image_width\":528,\"image_height\":492,\"image_type\":\"png\",\"image_size_str\":\"width=\\\"528\\\" height=\\\"492\\\"\"}', '1', '2015-12-30 00:55:05');
INSERT INTO `order_project` VALUES ('162', '168', '10', '肌底新生美白护理(测试)', '90', '0.01', '{\"file_name\":\"0910a0e831659aae210c08606ed0465b.png\",\"file_type\":\"image\\/png\",\"file_path\":\"\\/data\\/home\\/qyu2039650001\\/htdocs\\/upload\\/\",\"full_path\":\"\\/data\\/home\\/qyu2039650001\\/htdocs\\/upload\\/0910a0e831659aae210c08606ed0465b.png\",\"raw_name\":\"0910a0e831659aae210c08606ed0465b\",\"orig_name\":\"\\u4e0d\\u671f\\u800c\\u9047logo\\u6700\\u7ec8\\u7a3f-psd-02\\u526f\\u672c.png\",\"client_name\":\"\\u4e0d\\u671f\\u800c\\u9047logo\\u6700\\u7ec8\\u7a3f-psd-02\\u526f\\u672c.png\",\"file_ext\":\".png\",\"file_size\":43.17,\"is_image\":true,\"image_width\":528,\"image_height\":492,\"image_type\":\"png\",\"image_size_str\":\"width=\\\"528\\\" height=\\\"492\\\"\"}', '1', '2015-12-30 00:55:05');
INSERT INTO `order_project` VALUES ('163', '169', '10', '肌底新生美白护理(测试)', '90', '0.01', '{\"file_name\":\"0910a0e831659aae210c08606ed0465b.png\",\"file_type\":\"image\\/png\",\"file_path\":\"\\/data\\/home\\/qyu2039650001\\/htdocs\\/upload\\/\",\"full_path\":\"\\/data\\/home\\/qyu2039650001\\/htdocs\\/upload\\/0910a0e831659aae210c08606ed0465b.png\",\"raw_name\":\"0910a0e831659aae210c08606ed0465b\",\"orig_name\":\"\\u4e0d\\u671f\\u800c\\u9047logo\\u6700\\u7ec8\\u7a3f-psd-02\\u526f\\u672c.png\",\"client_name\":\"\\u4e0d\\u671f\\u800c\\u9047logo\\u6700\\u7ec8\\u7a3f-psd-02\\u526f\\u672c.png\",\"file_ext\":\".png\",\"file_size\":43.17,\"is_image\":true,\"image_width\":528,\"image_height\":492,\"image_type\":\"png\",\"image_size_str\":\"width=\\\"528\\\" height=\\\"492\\\"\"}', '1', '2015-12-30 00:55:05');
INSERT INTO `order_project` VALUES ('164', '170', '10', '肌底新生美白护理(测试)', '90', '0.01', '{\"file_name\":\"0910a0e831659aae210c08606ed0465b.png\",\"file_type\":\"image\\/png\",\"file_path\":\"\\/data\\/home\\/qyu2039650001\\/htdocs\\/upload\\/\",\"full_path\":\"\\/data\\/home\\/qyu2039650001\\/htdocs\\/upload\\/0910a0e831659aae210c08606ed0465b.png\",\"raw_name\":\"0910a0e831659aae210c08606ed0465b\",\"orig_name\":\"\\u4e0d\\u671f\\u800c\\u9047logo\\u6700\\u7ec8\\u7a3f-psd-02\\u526f\\u672c.png\",\"client_name\":\"\\u4e0d\\u671f\\u800c\\u9047logo\\u6700\\u7ec8\\u7a3f-psd-02\\u526f\\u672c.png\",\"file_ext\":\".png\",\"file_size\":43.17,\"is_image\":true,\"image_width\":528,\"image_height\":492,\"image_type\":\"png\",\"image_size_str\":\"width=\\\"528\\\" height=\\\"492\\\"\"}', '1', '2015-12-30 00:55:06');
INSERT INTO `order_project` VALUES ('165', '171', '10', '肌底新生美白护理(测试)', '90', '0.01', '{\"file_name\":\"0910a0e831659aae210c08606ed0465b.png\",\"file_type\":\"image\\/png\",\"file_path\":\"\\/data\\/home\\/qyu2039650001\\/htdocs\\/upload\\/\",\"full_path\":\"\\/data\\/home\\/qyu2039650001\\/htdocs\\/upload\\/0910a0e831659aae210c08606ed0465b.png\",\"raw_name\":\"0910a0e831659aae210c08606ed0465b\",\"orig_name\":\"\\u4e0d\\u671f\\u800c\\u9047logo\\u6700\\u7ec8\\u7a3f-psd-02\\u526f\\u672c.png\",\"client_name\":\"\\u4e0d\\u671f\\u800c\\u9047logo\\u6700\\u7ec8\\u7a3f-psd-02\\u526f\\u672c.png\",\"file_ext\":\".png\",\"file_size\":43.17,\"is_image\":true,\"image_width\":528,\"image_height\":492,\"image_type\":\"png\",\"image_size_str\":\"width=\\\"528\\\" height=\\\"492\\\"\"}', '1', '2015-12-30 00:55:06');
INSERT INTO `order_project` VALUES ('166', '172', '10', '肌底新生美白护理(测试)', '90', '0.01', '{\"file_name\":\"0910a0e831659aae210c08606ed0465b.png\",\"file_type\":\"image\\/png\",\"file_path\":\"\\/data\\/home\\/qyu2039650001\\/htdocs\\/upload\\/\",\"full_path\":\"\\/data\\/home\\/qyu2039650001\\/htdocs\\/upload\\/0910a0e831659aae210c08606ed0465b.png\",\"raw_name\":\"0910a0e831659aae210c08606ed0465b\",\"orig_name\":\"\\u4e0d\\u671f\\u800c\\u9047logo\\u6700\\u7ec8\\u7a3f-psd-02\\u526f\\u672c.png\",\"client_name\":\"\\u4e0d\\u671f\\u800c\\u9047logo\\u6700\\u7ec8\\u7a3f-psd-02\\u526f\\u672c.png\",\"file_ext\":\".png\",\"file_size\":43.17,\"is_image\":true,\"image_width\":528,\"image_height\":492,\"image_type\":\"png\",\"image_size_str\":\"width=\\\"528\\\" height=\\\"492\\\"\"}', '1', '2015-12-30 00:55:06');
INSERT INTO `order_project` VALUES ('167', '173', '10', '肌底新生美白护理(测试)', '90', '0.01', '{\"file_name\":\"0910a0e831659aae210c08606ed0465b.png\",\"file_type\":\"image\\/png\",\"file_path\":\"\\/data\\/home\\/qyu2039650001\\/htdocs\\/upload\\/\",\"full_path\":\"\\/data\\/home\\/qyu2039650001\\/htdocs\\/upload\\/0910a0e831659aae210c08606ed0465b.png\",\"raw_name\":\"0910a0e831659aae210c08606ed0465b\",\"orig_name\":\"\\u4e0d\\u671f\\u800c\\u9047logo\\u6700\\u7ec8\\u7a3f-psd-02\\u526f\\u672c.png\",\"client_name\":\"\\u4e0d\\u671f\\u800c\\u9047logo\\u6700\\u7ec8\\u7a3f-psd-02\\u526f\\u672c.png\",\"file_ext\":\".png\",\"file_size\":43.17,\"is_image\":true,\"image_width\":528,\"image_height\":492,\"image_type\":\"png\",\"image_size_str\":\"width=\\\"528\\\" height=\\\"492\\\"\"}', '1', '2015-12-30 00:55:06');
INSERT INTO `order_project` VALUES ('168', '174', '10', '肌底新生美白护理(测试)', '90', '0.01', '{\"file_name\":\"0910a0e831659aae210c08606ed0465b.png\",\"file_type\":\"image\\/png\",\"file_path\":\"\\/data\\/home\\/qyu2039650001\\/htdocs\\/upload\\/\",\"full_path\":\"\\/data\\/home\\/qyu2039650001\\/htdocs\\/upload\\/0910a0e831659aae210c08606ed0465b.png\",\"raw_name\":\"0910a0e831659aae210c08606ed0465b\",\"orig_name\":\"\\u4e0d\\u671f\\u800c\\u9047logo\\u6700\\u7ec8\\u7a3f-psd-02\\u526f\\u672c.png\",\"client_name\":\"\\u4e0d\\u671f\\u800c\\u9047logo\\u6700\\u7ec8\\u7a3f-psd-02\\u526f\\u672c.png\",\"file_ext\":\".png\",\"file_size\":43.17,\"is_image\":true,\"image_width\":528,\"image_height\":492,\"image_type\":\"png\",\"image_size_str\":\"width=\\\"528\\\" height=\\\"492\\\"\"}', '1', '2015-12-30 00:55:06');
INSERT INTO `order_project` VALUES ('169', '175', '10', '肌底新生美白护理(测试)', '90', '0.01', '{\"file_name\":\"0910a0e831659aae210c08606ed0465b.png\",\"file_type\":\"image\\/png\",\"file_path\":\"\\/data\\/home\\/qyu2039650001\\/htdocs\\/upload\\/\",\"full_path\":\"\\/data\\/home\\/qyu2039650001\\/htdocs\\/upload\\/0910a0e831659aae210c08606ed0465b.png\",\"raw_name\":\"0910a0e831659aae210c08606ed0465b\",\"orig_name\":\"\\u4e0d\\u671f\\u800c\\u9047logo\\u6700\\u7ec8\\u7a3f-psd-02\\u526f\\u672c.png\",\"client_name\":\"\\u4e0d\\u671f\\u800c\\u9047logo\\u6700\\u7ec8\\u7a3f-psd-02\\u526f\\u672c.png\",\"file_ext\":\".png\",\"file_size\":43.17,\"is_image\":true,\"image_width\":528,\"image_height\":492,\"image_type\":\"png\",\"image_size_str\":\"width=\\\"528\\\" height=\\\"492\\\"\"}', '1', '2015-12-30 00:55:06');
INSERT INTO `order_project` VALUES ('170', '176', '10', '肌底新生美白护理(测试)', '90', '0.01', '{\"file_name\":\"0910a0e831659aae210c08606ed0465b.png\",\"file_type\":\"image\\/png\",\"file_path\":\"\\/data\\/home\\/qyu2039650001\\/htdocs\\/upload\\/\",\"full_path\":\"\\/data\\/home\\/qyu2039650001\\/htdocs\\/upload\\/0910a0e831659aae210c08606ed0465b.png\",\"raw_name\":\"0910a0e831659aae210c08606ed0465b\",\"orig_name\":\"\\u4e0d\\u671f\\u800c\\u9047logo\\u6700\\u7ec8\\u7a3f-psd-02\\u526f\\u672c.png\",\"client_name\":\"\\u4e0d\\u671f\\u800c\\u9047logo\\u6700\\u7ec8\\u7a3f-psd-02\\u526f\\u672c.png\",\"file_ext\":\".png\",\"file_size\":43.17,\"is_image\":true,\"image_width\":528,\"image_height\":492,\"image_type\":\"png\",\"image_size_str\":\"width=\\\"528\\\" height=\\\"492\\\"\"}', '1', '2015-12-30 00:55:06');
INSERT INTO `order_project` VALUES ('171', '177', '10', '肌底新生美白护理(测试)', '90', '0.01', '{\"file_name\":\"0910a0e831659aae210c08606ed0465b.png\",\"file_type\":\"image\\/png\",\"file_path\":\"\\/data\\/home\\/qyu2039650001\\/htdocs\\/upload\\/\",\"full_path\":\"\\/data\\/home\\/qyu2039650001\\/htdocs\\/upload\\/0910a0e831659aae210c08606ed0465b.png\",\"raw_name\":\"0910a0e831659aae210c08606ed0465b\",\"orig_name\":\"\\u4e0d\\u671f\\u800c\\u9047logo\\u6700\\u7ec8\\u7a3f-psd-02\\u526f\\u672c.png\",\"client_name\":\"\\u4e0d\\u671f\\u800c\\u9047logo\\u6700\\u7ec8\\u7a3f-psd-02\\u526f\\u672c.png\",\"file_ext\":\".png\",\"file_size\":43.17,\"is_image\":true,\"image_width\":528,\"image_height\":492,\"image_type\":\"png\",\"image_size_str\":\"width=\\\"528\\\" height=\\\"492\\\"\"}', '1', '2015-12-30 11:12:52');
INSERT INTO `order_project` VALUES ('172', '178', '10', '肌底新生美白护理(测试)', '90', '0.01', '{\"file_name\":\"0910a0e831659aae210c08606ed0465b.png\",\"file_type\":\"image\\/png\",\"file_path\":\"\\/data\\/home\\/qyu2039650001\\/htdocs\\/upload\\/\",\"full_path\":\"\\/data\\/home\\/qyu2039650001\\/htdocs\\/upload\\/0910a0e831659aae210c08606ed0465b.png\",\"raw_name\":\"0910a0e831659aae210c08606ed0465b\",\"orig_name\":\"\\u4e0d\\u671f\\u800c\\u9047logo\\u6700\\u7ec8\\u7a3f-psd-02\\u526f\\u672c.png\",\"client_name\":\"\\u4e0d\\u671f\\u800c\\u9047logo\\u6700\\u7ec8\\u7a3f-psd-02\\u526f\\u672c.png\",\"file_ext\":\".png\",\"file_size\":43.17,\"is_image\":true,\"image_width\":528,\"image_height\":492,\"image_type\":\"png\",\"image_size_str\":\"width=\\\"528\\\" height=\\\"492\\\"\"}', '1', '2015-12-30 18:04:19');
INSERT INTO `order_project` VALUES ('173', '179', '10', '肌底新生美白护理(测试)', '90', '0.01', '{\"file_name\":\"0910a0e831659aae210c08606ed0465b.png\",\"file_type\":\"image\\/png\",\"file_path\":\"\\/data\\/home\\/qyu2039650001\\/htdocs\\/upload\\/\",\"full_path\":\"\\/data\\/home\\/qyu2039650001\\/htdocs\\/upload\\/0910a0e831659aae210c08606ed0465b.png\",\"raw_name\":\"0910a0e831659aae210c08606ed0465b\",\"orig_name\":\"\\u4e0d\\u671f\\u800c\\u9047logo\\u6700\\u7ec8\\u7a3f-psd-02\\u526f\\u672c.png\",\"client_name\":\"\\u4e0d\\u671f\\u800c\\u9047logo\\u6700\\u7ec8\\u7a3f-psd-02\\u526f\\u672c.png\",\"file_ext\":\".png\",\"file_size\":43.17,\"is_image\":true,\"image_width\":528,\"image_height\":492,\"image_type\":\"png\",\"image_size_str\":\"width=\\\"528\\\" height=\\\"492\\\"\"}', '1', '2015-12-30 21:16:02');
INSERT INTO `order_project` VALUES ('174', '180', '10', '肌底新生美白护理(测试)', '90', '0.01', '{\"file_name\":\"0910a0e831659aae210c08606ed0465b.png\",\"file_type\":\"image\\/png\",\"file_path\":\"\\/data\\/home\\/qyu2039650001\\/htdocs\\/upload\\/\",\"full_path\":\"\\/data\\/home\\/qyu2039650001\\/htdocs\\/upload\\/0910a0e831659aae210c08606ed0465b.png\",\"raw_name\":\"0910a0e831659aae210c08606ed0465b\",\"orig_name\":\"\\u4e0d\\u671f\\u800c\\u9047logo\\u6700\\u7ec8\\u7a3f-psd-02\\u526f\\u672c.png\",\"client_name\":\"\\u4e0d\\u671f\\u800c\\u9047logo\\u6700\\u7ec8\\u7a3f-psd-02\\u526f\\u672c.png\",\"file_ext\":\".png\",\"file_size\":43.17,\"is_image\":true,\"image_width\":528,\"image_height\":492,\"image_type\":\"png\",\"image_size_str\":\"width=\\\"528\\\" height=\\\"492\\\"\"}', '1', '2015-12-30 22:24:48');
INSERT INTO `order_project` VALUES ('175', '181', '10', '肌底新生美白护理(测试)', '90', '0.01', '{\"file_name\":\"0910a0e831659aae210c08606ed0465b.png\",\"file_type\":\"image\\/png\",\"file_path\":\"\\/data\\/home\\/qyu2039650001\\/htdocs\\/upload\\/\",\"full_path\":\"\\/data\\/home\\/qyu2039650001\\/htdocs\\/upload\\/0910a0e831659aae210c08606ed0465b.png\",\"raw_name\":\"0910a0e831659aae210c08606ed0465b\",\"orig_name\":\"\\u4e0d\\u671f\\u800c\\u9047logo\\u6700\\u7ec8\\u7a3f-psd-02\\u526f\\u672c.png\",\"client_name\":\"\\u4e0d\\u671f\\u800c\\u9047logo\\u6700\\u7ec8\\u7a3f-psd-02\\u526f\\u672c.png\",\"file_ext\":\".png\",\"file_size\":43.17,\"is_image\":true,\"image_width\":528,\"image_height\":492,\"image_type\":\"png\",\"image_size_str\":\"width=\\\"528\\\" height=\\\"492\\\"\"}', '1', '2015-12-31 00:00:50');
INSERT INTO `order_project` VALUES ('176', '182', '10', '肌底新生美白护理(测试)', '90', '0.01', '{\"file_name\":\"0910a0e831659aae210c08606ed0465b.png\",\"file_type\":\"image\\/png\",\"file_path\":\"\\/data\\/home\\/qyu2039650001\\/htdocs\\/upload\\/\",\"full_path\":\"\\/data\\/home\\/qyu2039650001\\/htdocs\\/upload\\/0910a0e831659aae210c08606ed0465b.png\",\"raw_name\":\"0910a0e831659aae210c08606ed0465b\",\"orig_name\":\"\\u4e0d\\u671f\\u800c\\u9047logo\\u6700\\u7ec8\\u7a3f-psd-02\\u526f\\u672c.png\",\"client_name\":\"\\u4e0d\\u671f\\u800c\\u9047logo\\u6700\\u7ec8\\u7a3f-psd-02\\u526f\\u672c.png\",\"file_ext\":\".png\",\"file_size\":43.17,\"is_image\":true,\"image_width\":528,\"image_height\":492,\"image_type\":\"png\",\"image_size_str\":\"width=\\\"528\\\" height=\\\"492\\\"\"}', '1', '2016-01-02 01:24:53');
INSERT INTO `order_project` VALUES ('177', '183', '10', '肌底新生美白护理(测试)', '90', '0.01', '{\"file_name\":\"0910a0e831659aae210c08606ed0465b.png\",\"file_type\":\"image\\/png\",\"file_path\":\"\\/data\\/home\\/qyu2039650001\\/htdocs\\/upload\\/\",\"full_path\":\"\\/data\\/home\\/qyu2039650001\\/htdocs\\/upload\\/0910a0e831659aae210c08606ed0465b.png\",\"raw_name\":\"0910a0e831659aae210c08606ed0465b\",\"orig_name\":\"\\u4e0d\\u671f\\u800c\\u9047logo\\u6700\\u7ec8\\u7a3f-psd-02\\u526f\\u672c.png\",\"client_name\":\"\\u4e0d\\u671f\\u800c\\u9047logo\\u6700\\u7ec8\\u7a3f-psd-02\\u526f\\u672c.png\",\"file_ext\":\".png\",\"file_size\":43.17,\"is_image\":true,\"image_width\":528,\"image_height\":492,\"image_type\":\"png\",\"image_size_str\":\"width=\\\"528\\\" height=\\\"492\\\"\"}', '1', '2016-01-02 01:24:53');
INSERT INTO `order_project` VALUES ('178', '184', '10', '肌底新生美白护理(测试)', '90', '0.01', '{\"file_name\":\"0910a0e831659aae210c08606ed0465b.png\",\"file_type\":\"image\\/png\",\"file_path\":\"\\/data\\/home\\/qyu2039650001\\/htdocs\\/upload\\/\",\"full_path\":\"\\/data\\/home\\/qyu2039650001\\/htdocs\\/upload\\/0910a0e831659aae210c08606ed0465b.png\",\"raw_name\":\"0910a0e831659aae210c08606ed0465b\",\"orig_name\":\"\\u4e0d\\u671f\\u800c\\u9047logo\\u6700\\u7ec8\\u7a3f-psd-02\\u526f\\u672c.png\",\"client_name\":\"\\u4e0d\\u671f\\u800c\\u9047logo\\u6700\\u7ec8\\u7a3f-psd-02\\u526f\\u672c.png\",\"file_ext\":\".png\",\"file_size\":43.17,\"is_image\":true,\"image_width\":528,\"image_height\":492,\"image_type\":\"png\",\"image_size_str\":\"width=\\\"528\\\" height=\\\"492\\\"\"}', '1', '2016-01-02 01:24:53');
INSERT INTO `order_project` VALUES ('179', '185', '10', '肌底新生美白护理(测试)', '90', '0.01', '{\"file_name\":\"0910a0e831659aae210c08606ed0465b.png\",\"file_type\":\"image\\/png\",\"file_path\":\"\\/data\\/home\\/qyu2039650001\\/htdocs\\/upload\\/\",\"full_path\":\"\\/data\\/home\\/qyu2039650001\\/htdocs\\/upload\\/0910a0e831659aae210c08606ed0465b.png\",\"raw_name\":\"0910a0e831659aae210c08606ed0465b\",\"orig_name\":\"\\u4e0d\\u671f\\u800c\\u9047logo\\u6700\\u7ec8\\u7a3f-psd-02\\u526f\\u672c.png\",\"client_name\":\"\\u4e0d\\u671f\\u800c\\u9047logo\\u6700\\u7ec8\\u7a3f-psd-02\\u526f\\u672c.png\",\"file_ext\":\".png\",\"file_size\":43.17,\"is_image\":true,\"image_width\":528,\"image_height\":492,\"image_type\":\"png\",\"image_size_str\":\"width=\\\"528\\\" height=\\\"492\\\"\"}', '1', '2016-01-02 01:24:53');
INSERT INTO `order_project` VALUES ('180', '186', '10', '肌底新生美白护理(测试)', '90', '0.01', '{\"file_name\":\"0910a0e831659aae210c08606ed0465b.png\",\"file_type\":\"image\\/png\",\"file_path\":\"\\/data\\/home\\/qyu2039650001\\/htdocs\\/upload\\/\",\"full_path\":\"\\/data\\/home\\/qyu2039650001\\/htdocs\\/upload\\/0910a0e831659aae210c08606ed0465b.png\",\"raw_name\":\"0910a0e831659aae210c08606ed0465b\",\"orig_name\":\"\\u4e0d\\u671f\\u800c\\u9047logo\\u6700\\u7ec8\\u7a3f-psd-02\\u526f\\u672c.png\",\"client_name\":\"\\u4e0d\\u671f\\u800c\\u9047logo\\u6700\\u7ec8\\u7a3f-psd-02\\u526f\\u672c.png\",\"file_ext\":\".png\",\"file_size\":43.17,\"is_image\":true,\"image_width\":528,\"image_height\":492,\"image_type\":\"png\",\"image_size_str\":\"width=\\\"528\\\" height=\\\"492\\\"\"}', '1', '2016-01-02 01:24:53');
INSERT INTO `order_project` VALUES ('181', '187', '11', '肌底新生美白护理(测试)', '90', '0.01', '{\"file_name\":\"65a44afe1e79fcaea976a73e90056f20.jpg\",\"file_type\":\"image\\/jpeg\",\"file_path\":\"D:\\/htdocs\\/project\\/xinya\\/upload\\/2016-01-03\\/\",\"full_path\":\"D:\\/htdocs\\/project\\/xinya\\/upload\\/2016-01-03\\/65a44afe1e79fcaea976a73e90056f20.jpg\",\"raw_name\":\"2016-01-03\\/65a44afe1e79fcaea976a73e90056f20\",\"orig_name\":\"zhuoku106.jpg\",\"client_name\":\"zhuoku106.jpg\",\"file_ext\":\".jpg\",\"file_size\":507.62,\"is_image\":true,\"image_width\":1920,\"image_height\":1200,\"image_type\":\"jpeg\",\"image_size_str\":\"width=\\\"1920\\\" height=\\\"1200\\\"\"}', '1', '2016-01-02 01:24:53');
INSERT INTO `order_project` VALUES ('185', '188', '11', '腿部按摩', '30', '100.00', '{\"file_name\":\"65a44afe1e79fcaea976a73e90056f20.jpg\",\"file_type\":\"image\\/jpeg\",\"file_path\":\"D:\\/htdocs\\/project\\/xinya\\/upload\\/2016-01-03\\/\",\"full_path\":\"D:\\/htdocs\\/project\\/xinya\\/upload\\/2016-01-03\\/65a44afe1e79fcaea976a73e90056f20.jpg\",\"raw_name\":\"2016-01-03\\/65a44afe1e79fcaea976a73e90056f20\",\"orig_name\":\"zhuoku106.jpg\",\"client_name\":\"zhuoku106.jpg\",\"file_ext\":\".jpg\",\"file_size\":507.62,\"is_image\":true,\"image_width\":1920,\"image_height\":1200,\"image_type\":\"jpeg\",\"image_size_str\":\"width=\\\"1920\\\" height=\\\"1200\\\"\"}', '1', '2016-01-12 23:26:02');
INSERT INTO `order_project` VALUES ('186', '189', '11', '腿部按摩', '30', '100.00', '{\"file_name\":\"65a44afe1e79fcaea976a73e90056f20.jpg\",\"file_type\":\"image\\/jpeg\",\"file_path\":\"D:\\/htdocs\\/project\\/xinya\\/upload\\/2016-01-03\\/\",\"full_path\":\"D:\\/htdocs\\/project\\/xinya\\/upload\\/2016-01-03\\/65a44afe1e79fcaea976a73e90056f20.jpg\",\"raw_name\":\"2016-01-03\\/65a44afe1e79fcaea976a73e90056f20\",\"orig_name\":\"zhuoku106.jpg\",\"client_name\":\"zhuoku106.jpg\",\"file_ext\":\".jpg\",\"file_size\":507.62,\"is_image\":true,\"image_width\":1920,\"image_height\":1200,\"image_type\":\"jpeg\",\"image_size_str\":\"width=\\\"1920\\\" height=\\\"1200\\\"\"}', '1', '2016-01-13 00:36:59');

-- ----------------------------
-- Table structure for `project`
-- ----------------------------
DROP TABLE IF EXISTS `project`;
CREATE TABLE `project` (
  `project_id` bigint(11) unsigned NOT NULL AUTO_INCREMENT COMMENT '项目ID',
  `project_name` varchar(100) NOT NULL COMMENT '项目名称',
  `category_id` int(11) unsigned NOT NULL COMMENT '所属分类',
  `shop_id` int(11) unsigned NOT NULL DEFAULT '0',
  `project_cover` varchar(1000) DEFAULT NULL COMMENT '封面',
  `use_time` mediumint(10) unsigned NOT NULL COMMENT '使用时间',
  `price` float(10,2) unsigned NOT NULL COMMENT '价格',
  `suitable_skin` varchar(500) DEFAULT NULL COMMENT '适合皮肤',
  `effects` text COMMENT '功效',
  `disabled` tinyint(1) NOT NULL DEFAULT '0',
  `create_time` datetime NOT NULL COMMENT '创建时间',
  PRIMARY KEY (`project_id`)
) ENGINE=InnoDB AUTO_INCREMENT=12 DEFAULT CHARSET=utf8 COMMENT='项目表';

-- ----------------------------
-- Records of project
-- ----------------------------
INSERT INTO `project` VALUES ('1', '腿部按摩第一疗程', '17', '0', '{\"file_name\":\"754b40cf12b22646043a3bd9f6327a2e.jpg\",\"file_type\":\"image\\/jpeg\",\"file_path\":\"D:\\/htdocs\\/project\\/xinya\\/app\\/upload\\/\",\"full_path\":\"D:\\/htdocs\\/project\\/xinya\\/app\\/upload\\/754b40cf12b22646043a3bd9f6327a2e.jpg\",\"raw_name\":\"754b40cf12b22646043a3bd9f6327a2e\",\"orig_name\":\"Jianyue003.jpg\",\"client_name\":\"Jianyue003.jpg\",\"file_ext\":\".jpg\",\"file_size\":136.48,\"is_image\":true,\"image_width\":1920,\"image_height\":1200,\"image_type\":\"jpeg\",\"image_size_str\":\"width=\\\"1920\\\" height=\\\"1200\\\"\"}', '111', '0.01', '11', '11', '0', '2015-12-18 15:50:20');
INSERT INTO `project` VALUES ('2', '腿部按摩第二疗程', '31', '0', '{\"file_name\":\"754b40cf12b22646043a3bd9f6327a2e.jpg\",\"file_type\":\"image\\/jpeg\",\"file_path\":\"D:\\/htdocs\\/project\\/xinya\\/app\\/upload\\/\",\"full_path\":\"D:\\/htdocs\\/project\\/xinya\\/app\\/upload\\/754b40cf12b22646043a3bd9f6327a2e.jpg\",\"raw_name\":\"754b40cf12b22646043a3bd9f6327a2e\",\"orig_name\":\"Jianyue003.jpg\",\"client_name\":\"Jianyue003.jpg\",\"file_ext\":\".jpg\",\"file_size\":136.48,\"is_image\":true,\"image_width\":1920,\"image_height\":1200,\"image_type\":\"jpeg\",\"image_size_str\":\"width=\\\"1920\\\" height=\\\"1200\\\"\"}', '11', '0.01', 'dddd                        ggg                                                          ', null, '0', '2015-12-21 14:39:11');
INSERT INTO `project` VALUES ('3', '腿部按摩第三疗程', '34', '1', '{\"file_name\":\"0d81292127f935e3c8fdf034622d7107.jpg\",\"file_type\":\"image\\/jpeg\",\"file_path\":\"D:\\/htdocs\\/project\\/xinya\\/app\\/upload\\/\",\"full_path\":\"D:\\/htdocs\\/project\\/xinya\\/app\\/upload\\/0d81292127f935e3c8fdf034622d7107.jpg\",\"raw_name\":\"0d81292127f935e3c8fdf034622d7107\",\"orig_name\":\"Jianyue002.jpg\",\"client_name\":\"Jianyue002.jpg\",\"file_ext\":\".jpg\",\"file_size\":117.28,\"is_image\":true,\"image_width\":1920,\"image_height\":1200,\"image_type\":\"jpeg\",\"image_size_str\":\"width=\\\"1920\\\" height=\\\"1200\\\"\"}', '11', '0.01', '333', '333', '0', '2015-12-21 14:51:15');
INSERT INTO `project` VALUES ('4', '面部按摩测试', '17', '1', '{\"file_name\":\"a3dfb5f33258cac220a22c6495349555.jpg\",\"file_type\":\"image\\/jpeg\",\"file_path\":\"D:\\/htdocs\\/project\\/xinya\\/app\\/upload\\/\",\"full_path\":\"D:\\/htdocs\\/project\\/xinya\\/app\\/upload\\/a3dfb5f33258cac220a22c6495349555.jpg\",\"raw_name\":\"a3dfb5f33258cac220a22c6495349555\",\"orig_name\":\"Jianyue003.jpg\",\"client_name\":\"Jianyue003.jpg\",\"file_ext\":\".jpg\",\"file_size\":136.48,\"is_image\":true,\"image_width\":1920,\"image_height\":1200,\"image_type\":\"jpeg\",\"image_size_str\":\"width=\\\"1920\\\" height=\\\"1200\\\"\"}', '1100', '0.01', 'ddd', 'ddddd', '0', '2015-12-21 14:54:00');
INSERT INTO `project` VALUES ('5', '测试脸部按摩', '31', '1', '{\"file_name\":\"e430b8b888b92a2b32f689e07e219c2a.jpg\",\"file_type\":\"image\\/jpeg\",\"file_path\":\"D:\\/htdocs\\/project\\/xinya\\/app\\/upload\\/\",\"full_path\":\"D:\\/htdocs\\/project\\/xinya\\/app\\/upload\\/e430b8b888b92a2b32f689e07e219c2a.jpg\",\"raw_name\":\"e430b8b888b92a2b32f689e07e219c2a\",\"orig_name\":\"zhuoku106.jpg\",\"client_name\":\"zhuoku106.jpg\",\"file_ext\":\".jpg\",\"file_size\":507.62,\"is_image\":true,\"image_width\":1920,\"image_height\":1200,\"image_type\":\"jpeg\",\"image_size_str\":\"width=\\\"1920\\\" height=\\\"1200\\\"\"}', '33', '0.01', '33', '33', '0', '2015-12-21 16:56:28');
INSERT INTO `project` VALUES ('6', '测试脸部按摩0', '31', '0', '{\"file_name\":\"e0d44dc957fe473e4e973e382b5be095.jpg\",\"file_type\":\"image\\/jpeg\",\"file_path\":\"D:\\/htdocs\\/project\\/xinya\\/app\\/upload\\/\",\"full_path\":\"D:\\/htdocs\\/project\\/xinya\\/app\\/upload\\/e0d44dc957fe473e4e973e382b5be095.jpg\",\"raw_name\":\"e0d44dc957fe473e4e973e382b5be095\",\"orig_name\":\"Jianyue029.jpg\",\"client_name\":\"Jianyue029.jpg\",\"file_ext\":\".jpg\",\"file_size\":141,\"is_image\":true,\"image_width\":1920,\"image_height\":1200,\"image_type\":\"jpeg\",\"image_size_str\":\"width=\\\"1920\\\" height=\\\"1200\\\"\"}', '22', '0.01', '22', '222', '0', '2015-12-21 16:58:10');
INSERT INTO `project` VALUES ('7', '测试脸部按摩1', '37', '2', '{\"file_name\":\"663eeecd0f4b93c1cdb6f81dd3c185e1.jpg\",\"file_type\":\"image\\/jpeg\",\"file_path\":\"D:\\/htdocs\\/project\\/xinya\\/app\\/upload\\/\",\"full_path\":\"D:\\/htdocs\\/project\\/xinya\\/app\\/upload\\/663eeecd0f4b93c1cdb6f81dd3c185e1.jpg\",\"raw_name\":\"663eeecd0f4b93c1cdb6f81dd3c185e1\",\"orig_name\":\"Jianyue005.jpg\",\"client_name\":\"Jianyue005.jpg\",\"file_ext\":\".jpg\",\"file_size\":123.65,\"is_image\":true,\"image_width\":1920,\"image_height\":1200,\"image_type\":\"jpeg\",\"image_size_str\":\"width=\\\"1920\\\" height=\\\"1200\\\"\"}', '44', '0.01', '根据指定的 字符 个数裁剪字符串。它会保证单词的完整性，所以最终生成的 字符串长度和你指定的长度有可能会有出入根据指定的 字符 个数裁剪字符串。它会保证单词的完整性，所以最终生成的 字符串长度和你指定的长度有可能会有出入', '根据指定的 字符 个数裁剪字符串。它会保证单词的完整性，所以最终生成的 字符串长度和你指定的长度有可能会有出入根据指定的 字符 个数裁剪字符串。它会保证单词的完整性，所以最终生成的 字符串长度和你指定的长度有可能会有出入', '0', '2015-12-21 16:59:18');
INSERT INTO `project` VALUES ('8', '测试脸部按摩2', '37', '2', '{\"file_name\":\"6202aedbeddf55dcb97a745ebbd7b99c.jpg\",\"file_type\":\"image\\/jpeg\",\"file_path\":\"D:\\/htdocs\\/project\\/xinya\\/app\\/upload\\/\",\"full_path\":\"D:\\/htdocs\\/project\\/xinya\\/app\\/upload\\/6202aedbeddf55dcb97a745ebbd7b99c.jpg\",\"raw_name\":\"6202aedbeddf55dcb97a745ebbd7b99c\",\"orig_name\":\"Jianyue003.jpg\",\"client_name\":\"Jianyue003.jpg\",\"file_ext\":\".jpg\",\"file_size\":136.48,\"is_image\":true,\"image_width\":1920,\"image_height\":1200,\"image_type\":\"jpeg\",\"image_size_str\":\"width=\\\"1920\\\" height=\\\"1200\\\"\"}', '44', '0.01', '44', '44', '0', '2015-12-21 17:00:29');
INSERT INTO `project` VALUES ('9', '测试脸部按摩3', '37', '2', '{\"file_name\":\"6f925f02d87040cf649df7585ec15319.jpg\",\"file_type\":\"image\\/jpeg\",\"file_path\":\"D:\\/htdocs\\/project\\/xinya\\/app\\/upload\\/\",\"full_path\":\"D:\\/htdocs\\/project\\/xinya\\/app\\/upload\\/6f925f02d87040cf649df7585ec15319.jpg\",\"raw_name\":\"6f925f02d87040cf649df7585ec15319\",\"orig_name\":\"Jianyue002.jpg\",\"client_name\":\"Jianyue002.jpg\",\"file_ext\":\".jpg\",\"file_size\":117.28,\"is_image\":true,\"image_width\":1920,\"image_height\":1200,\"image_type\":\"jpeg\",\"image_size_str\":\"width=\\\"1920\\\" height=\\\"1200\\\"\"}', '44', '0.01', '44', '44', '0', '2015-12-21 17:00:44');
INSERT INTO `project` VALUES ('10', '肌底新生美白护理(测试)', '17', '0', '{\"file_name\":\"ead012fd821f2cbd416b834cb98c9fc8.jpg\",\"file_type\":\"image\\/jpeg\",\"file_path\":\"D:\\/htdocs\\/project\\/xinya\\/upload\\/2016-01-03\\/\",\"full_path\":\"D:\\/htdocs\\/project\\/xinya\\/upload\\/2016-01-03\\/ead012fd821f2cbd416b834cb98c9fc8.jpg\",\"raw_name\":\"2016-01-03\\/ead012fd821f2cbd416b834cb98c9fc8\",\"orig_name\":\"Jianyue029.jpg\",\"client_name\":\"Jianyue029.jpg\",\"file_ext\":\".jpg\",\"file_size\":141,\"is_image\":true,\"image_width\":1920,\"image_height\":1200,\"image_type\":\"jpeg\",\"image_size_str\":\"width=\\\"1920\\\" height=\\\"1200\\\"\"}', '90', '0.01', '任何有美白需求的肌肤\r\nSkin Whitening', '<p>\r\n <span [removed]><strong>This treatment targets the microcells to remove aging skin cells that contain too much melanin. \r\nThis helps to achieve a much more even skin color and boosts skin immunity to resist damage from external sources,</strong></span>\r\n</p>\r\n<p>\r\n <br />\r\n</p>\r\n<p>\r\n <img src=\"/upload/2016-01-03/7b21bb5b9555ffa8966dbaaf8aac7b0e_350x350.jpg\" alt=\"\"> \r\n</p>\r\n<p>\r\n <br />\r\n</p>\r\n<p>\r\n <br />\r\n</p>\r\n<p>\r\n <img src=\"/upload/2016-01-03/c71241432f592545393832290db72806_350x350.jpg\" alt=\"\"> \r\n</p>', '0', '2015-12-23 16:33:22');
INSERT INTO `project` VALUES ('11', '腿部按摩', '37', '0', '{\"file_name\":\"65a44afe1e79fcaea976a73e90056f20.jpg\",\"file_type\":\"image\\/jpeg\",\"file_path\":\"D:\\/htdocs\\/project\\/xinya\\/upload\\/2016-01-03\\/\",\"full_path\":\"D:\\/htdocs\\/project\\/xinya\\/upload\\/2016-01-03\\/65a44afe1e79fcaea976a73e90056f20.jpg\",\"raw_name\":\"2016-01-03\\/65a44afe1e79fcaea976a73e90056f20\",\"orig_name\":\"zhuoku106.jpg\",\"client_name\":\"zhuoku106.jpg\",\"file_ext\":\".jpg\",\"file_size\":507.62,\"is_image\":true,\"image_width\":1920,\"image_height\":1200,\"image_type\":\"jpeg\",\"image_size_str\":\"width=\\\"1920\\\" height=\\\"1200\\\"\"}', '30', '100.00', '腿部按摩d', '腿部腿部按摩腿部按摩腿部按摩腿部按摩腿部按摩腿部按摩', '0', '2016-01-03 07:32:14');

-- ----------------------------
-- Table structure for `shop`
-- ----------------------------
DROP TABLE IF EXISTS `shop`;
CREATE TABLE `shop` (
  `shop_id` bigint(11) unsigned NOT NULL AUTO_INCREMENT,
  `shop_name` varchar(100) NOT NULL COMMENT '内容',
  `shop_logo` varchar(1000) DEFAULT NULL COMMENT '内容类型',
  `address` varchar(100) NOT NULL,
  `contacts` varchar(50) DEFAULT NULL,
  `contact_number` varchar(32) DEFAULT NULL,
  `disabled` tinyint(1) unsigned NOT NULL DEFAULT '0',
  `create_time` datetime NOT NULL,
  PRIMARY KEY (`shop_id`)
) ENGINE=InnoDB AUTO_INCREMENT=3 DEFAULT CHARSET=utf8 COMMENT='店铺表';

-- ----------------------------
-- Records of shop
-- ----------------------------
INSERT INTO `shop` VALUES ('1', '浦东店', '{\"file_name\":\"3696082cf16571c3267d7cc5b26c028e.jpg\",\"file_type\":\"image\\/jpeg\",\"file_path\":\"D:\\/htdocs\\/project\\/xinya\\/upload\\/2016-01-03\\/\",\"full_path\":\"D:\\/htdocs\\/project\\/xinya\\/upload\\/2016-01-03\\/3696082cf16571c3267d7cc5b26c028e.jpg\",\"raw_name\":\"2016-01-03\\/3696082cf16571c3267d7cc5b26c028e\",\"orig_name\":\"zhuoku106.jpg\",\"client_name\":\"zhuoku106.jpg\",\"file_ext\":\".jpg\",\"file_size\":507.62,\"is_image\":true,\"image_width\":1920,\"image_height\":1200,\"image_type\":\"jpeg\",\"image_size_str\":\"width=\\\"1920\\\" height=\\\"1200\\\"\"}', '蓝村路330号', '杨老板', '13524286564', '0', '2015-12-23 15:14:10');
INSERT INTO `shop` VALUES ('2', '宝山门店1', '{\"file_name\":\"2bccdec2882dcfde093c25b659120a1c.jpg\",\"file_type\":\"image\\/jpeg\",\"file_path\":\"D:\\/htdocs\\/project\\/xinya\\/app\\/upload\\/\",\"full_path\":\"D:\\/htdocs\\/project\\/xinya\\/app\\/upload\\/2bccdec2882dcfde093c25b659120a1c.jpg\",\"raw_name\":\"2bccdec2882dcfde093c25b659120a1c\",\"orig_name\":\"zhuoku106.jpg\",\"client_name\":\"zhuoku106.jpg\",\"file_ext\":\".jpg\",\"file_size\":507.62,\"is_image\":true,\"image_width\":1920,\"image_height\":1200,\"image_type\":\"jpeg\",\"image_size_str\":\"width=\\\"1920\\\" height=\\\"1200\\\"\"}', '宝山路30', '周老板', '021-99658788', '1', '2015-12-24 11:48:12');

-- ----------------------------
-- Table structure for `slider`
-- ----------------------------
DROP TABLE IF EXISTS `slider`;
CREATE TABLE `slider` (
  `slider_id` int(10) unsigned NOT NULL AUTO_INCREMENT,
  `pic` varchar(1000) NOT NULL,
  `title` varchar(50) NOT NULL,
  `href` varchar(500) NOT NULL,
  `order_sort` int(10) unsigned DEFAULT '0',
  `disabled` tinyint(3) unsigned NOT NULL DEFAULT '0',
  `create_time` datetime NOT NULL,
  PRIMARY KEY (`slider_id`)
) ENGINE=InnoDB AUTO_INCREMENT=2 DEFAULT CHARSET=utf8 COMMENT='幻灯片表';

-- ----------------------------
-- Records of slider
-- ----------------------------
INSERT INTO `slider` VALUES ('1', '{\"file_name\":\"be9f8c662e9881e12b32256df2c2ccd0.jpg\",\"file_type\":\"image\\/jpeg\",\"file_path\":\"D:\\/htdocs\\/project\\/xinya\\/upload\\/2016-01-03\\/\",\"full_path\":\"D:\\/htdocs\\/project\\/xinya\\/upload\\/2016-01-03\\/be9f8c662e9881e12b32256df2c2ccd0.jpg\",\"raw_name\":\"2016-01-03\\/be9f8c662e9881e12b32256df2c2ccd0\",\"orig_name\":\"zhuoku106.jpg\",\"client_name\":\"zhuoku106.jpg\",\"file_ext\":\".jpg\",\"file_size\":507.62,\"is_image\":true,\"image_width\":1920,\"image_height\":1200,\"image_type\":\"jpeg\",\"image_size_str\":\"width=\\\"1920\\\" height=\\\"1200\\\"\"}', '推荐产品', 'http://www.baidu.com', '3', '0', '2016-01-03 07:59:09');

-- ----------------------------
-- Table structure for `user`
-- ----------------------------
DROP TABLE IF EXISTS `user`;
CREATE TABLE `user` (
  `user_id` bigint(11) unsigned NOT NULL AUTO_INCREMENT,
  `user_name` varchar(50) NOT NULL,
  `password` char(32) NOT NULL,
  `disabled` tinyint(1) unsigned NOT NULL DEFAULT '0',
  `last_login_time` datetime DEFAULT NULL,
  `create_time` datetime NOT NULL,
  PRIMARY KEY (`user_id`),
  UNIQUE KEY `user_name` (`user_name`)
) ENGINE=InnoDB AUTO_INCREMENT=6 DEFAULT CHARSET=utf8 COMMENT='账户表';

-- ----------------------------
-- Records of user
-- ----------------------------
INSERT INTO `user` VALUES ('1', 'guohao', '15aca095dd2b47181d7b2c30b9da5aa1', '0', '2016-01-11 13:36:06', '2015-12-22 17:41:17');
INSERT INTO `user` VALUES ('2', 'xinfei', '15aca095dd2b47181d7b2c30b9da5aa1', '1', null, '2015-12-22 17:42:33');
INSERT INTO `user` VALUES ('5', 'tiantian', '15aca095dd2b47181d7b2c30b9da5aa1', '0', null, '2015-12-22 18:00:04');
